{
 "media/panorama_46A1171A_4CE8_91BE_41A8_275FECCCD291_0/d/0/3_2.jpg": {
  "size": 6129
 },
 "media/panorama_46A7CD69_4CEB_919A_41D2_A14F7D0C420A_0/f/0/0_1.jpg": {
  "size": 9868
 },
 "media/panorama_46BD13BD_4CEB_90FA_419B_13AEF0D9BB29_0/u/0/2_2.jpg": {
  "size": 4053
 },
 "media/panorama_46BD13BD_4CEB_90FA_419B_13AEF0D9BB29_0/d/0/1_0.jpg": {
  "size": 12713
 },
 "lib/cursors/S.cur": {
  "size": 3542
 },
 "media/panorama_46A7CD69_4CEB_919A_41D2_A14F7D0C420A_0/l/0/3_3.jpg": {
  "size": 16498
 },
 "media/panorama_46A1171A_4CE8_91BE_41A8_275FECCCD291_0/l/0/1_1.jpg": {
  "size": 24607
 },
 "media/panorama_46B7B54C_4CE8_719A_41D1_8FC560227669_0/r/0/2_2.jpg": {
  "size": 28888
 },
 "media/panorama_46A1171A_4CE8_91BE_41A8_275FECCCD291_0/b/0/3_1.jpg": {
  "size": 15302
 },
 "media/panorama_46B7B54C_4CE8_719A_41D1_8FC560227669_0/b/0/0_0.jpg": {
  "size": 13880
 },
 "media/panorama_46B5E91B_4CE8_91BE_41D0_29CCAB56D323_0/l/0/2_1.jpg": {
  "size": 30055
 },
 "media/panorama_46A1171A_4CE8_91BE_41A8_275FECCCD291_0/b/1/0_0.jpg": {
  "size": 23082
 },
 "media/panorama_46B11363_4CE8_F18E_41C6_045F50FBAB5E_0/d/0/0_2.jpg": {
  "size": 54040
 },
 "media/panorama_46A7CD69_4CEB_919A_41D2_A14F7D0C420A_0/l/1/0_0.jpg": {
  "size": 23725
 },
 "media/panorama_46B13876_4CE8_B076_41D3_188F02FB1EE2_0/f/0/0_3.jpg": {
  "size": 12512
 },
 "media/panorama_46A1171A_4CE8_91BE_41A8_275FECCCD291_t.jpg": {
  "size": 4581
 },
 "media/panorama_46A1171A_4CE8_91BE_41A8_275FECCCD291_0/f/0/2_0.jpg": {
  "size": 20105
 },
 "media/panorama_46A00908_4CEB_B19A_41A5_754F27F68DEC_0/d/1/1_0.jpg": {
  "size": 19195
 },
 "lib/preload.gif": {
  "size": 4178
 },
 "media/panorama_46A1171A_4CE8_91BE_41A8_275FECCCD291_0/f/0/0_0.jpg": {
  "size": 13356
 },
 "media/panorama_46A7CD69_4CEB_919A_41D2_A14F7D0C420A_0/r/0/0_2.jpg": {
  "size": 45051
 },
 "media/panorama_46B5E91B_4CE8_91BE_41D0_29CCAB56D323_0/d/0/2_2.jpg": {
  "size": 29035
 },
 "media/panorama_46BD13BD_4CEB_90FA_419B_13AEF0D9BB29_0/u/0/0_3.jpg": {
  "size": 30364
 },
 "media/panorama_46B5E91B_4CE8_91BE_41D0_29CCAB56D323_0/r/0/1_2.jpg": {
  "size": 23264
 },
 "media/panorama_46B13876_4CE8_B076_41D3_188F02FB1EE2_0/r/0/0_3.jpg": {
  "size": 12507
 },
 "media/panorama_46A7CD69_4CEB_919A_41D2_A14F7D0C420A_0/u/2/0_0.jpg": {
  "size": 25433
 },
 "media/panorama_46B7B54C_4CE8_719A_41D1_8FC560227669_0/b/2/0_0.jpg": {
  "size": 36529
 },
 "media/panorama_46A00908_4CEB_B19A_41A5_754F27F68DEC_0/r/0/1_0.jpg": {
  "size": 4702
 },
 "media/panorama_47CD7BAD_4CEB_F09A_41AA_F04B1A74304E_0/d/1/0_0.jpg": {
  "size": 32677
 },
 "media/panorama_46B7B54C_4CE8_719A_41D1_8FC560227669_0/u/0/0_1.jpg": {
  "size": 25946
 },
 "media/panorama_46B7B54C_4CE8_719A_41D1_8FC560227669_0/b/0/0_1.jpg": {
  "size": 15081
 },
 "media/panorama_46A1171A_4CE8_91BE_41A8_275FECCCD291_0/f/2/0_0.jpg": {
  "size": 32738
 },
 "media/panorama_46B7B54C_4CE8_719A_41D1_8FC560227669_0/l/0/1_2.jpg": {
  "size": 22906
 },
 "media/panorama_46A00908_4CEB_B19A_41A5_754F27F68DEC_0/r/0/3_1.jpg": {
  "size": 7891
 },
 "media/panorama_46B11363_4CE8_F18E_41C6_045F50FBAB5E_0/b/0/1_1.jpg": {
  "size": 11104
 },
 "media/panorama_46BD13BD_4CEB_90FA_419B_13AEF0D9BB29_0/d/2/0_0.jpg": {
  "size": 23368
 },
 "media/panorama_46B13876_4CE8_B076_41D3_188F02FB1EE2_0/l/0/3_3.jpg": {
  "size": 31391
 },
 "media/panorama_46B7B54C_4CE8_719A_41D1_8FC560227669_0/l/0/3_2.jpg": {
  "size": 11539
 },
 "media/panorama_46A00908_4CEB_B19A_41A5_754F27F68DEC_0/b/0/1_2.jpg": {
  "size": 18845
 },
 "media/panorama_46B13876_4CE8_B076_41D3_188F02FB1EE2_0/u/0/1_2.jpg": {
  "size": 9439
 },
 "media/panorama_46B7B54C_4CE8_719A_41D1_8FC560227669_0/u/0/2_3.jpg": {
  "size": 8373
 },
 "media/panorama_46A00908_4CEB_B19A_41A5_754F27F68DEC_0/u/0/2_2.jpg": {
  "size": 8455
 },
 "media/panorama_46A7CD69_4CEB_919A_41D2_A14F7D0C420A_0/b/0/3_1.jpg": {
  "size": 23685
 },
 "media/panorama_46A1171A_4CE8_91BE_41A8_275FECCCD291_0/r/0/0_0.jpg": {
  "size": 8747
 },
 "media/panorama_46A1171A_4CE8_91BE_41A8_275FECCCD291_0/b/1/1_0.jpg": {
  "size": 20976
 },
 "media/panorama_46BD13BD_4CEB_90FA_419B_13AEF0D9BB29_0/f/0/1_2.jpg": {
  "size": 24729
 },
 "media/panorama_46B11363_4CE8_F18E_41C6_045F50FBAB5E_0/u/0/1_2.jpg": {
  "size": 3458
 },
 "media/panorama_46B13876_4CE8_B076_41D3_188F02FB1EE2_0/b/1/1_1.jpg": {
  "size": 32808
 },
 "media/panorama_46B5E91B_4CE8_91BE_41D0_29CCAB56D323_0/l/1/1_1.jpg": {
  "size": 30376
 },
 "media/panorama_46B7B54C_4CE8_719A_41D1_8FC560227669_0/d/0/1_1.jpg": {
  "size": 17736
 },
 "media/panorama_46B11363_4CE8_F18E_41C6_045F50FBAB5E_0/u/1/1_1.jpg": {
  "size": 6525
 },
 "media/panorama_46B11363_4CE8_F18E_41C6_045F50FBAB5E_0/d/0/2_0.jpg": {
  "size": 20276
 },
 "media/panorama_46BD13BD_4CEB_90FA_419B_13AEF0D9BB29_0/b/0/0_1.jpg": {
  "size": 6691
 },
 "media/panorama_46B7B54C_4CE8_719A_41D1_8FC560227669_0/b/0/3_1.jpg": {
  "size": 23236
 },
 "media/panorama_46A00908_4CEB_B19A_41A5_754F27F68DEC_0/r/0/2_2.jpg": {
  "size": 14269
 },
 "media/panorama_46BD13BD_4CEB_90FA_419B_13AEF0D9BB29_0/d/0/0_2.jpg": {
  "size": 6857
 },
 "media/panorama_46B11363_4CE8_F18E_41C6_045F50FBAB5E_0/f/0/0_2.jpg": {
  "size": 12003
 },
 "media/panorama_46B11363_4CE8_F18E_41C6_045F50FBAB5E_0/l/0/1_3.jpg": {
  "size": 10670
 },
 "media/panorama_46B7B54C_4CE8_719A_41D1_8FC560227669_0/r/0/1_3.jpg": {
  "size": 15470
 },
 "media/panorama_46B5E91B_4CE8_91BE_41D0_29CCAB56D323_0/u/0/2_1.jpg": {
  "size": 5485
 },
 "media/panorama_46B13876_4CE8_B076_41D3_188F02FB1EE2_0/f/1/0_1.jpg": {
  "size": 22545
 },
 "media/panorama_46B5E91B_4CE8_91BE_41D0_29CCAB56D323_0/f/0/0_0.jpg": {
  "size": 23403
 },
 "media/panorama_46B11363_4CE8_F18E_41C6_045F50FBAB5E_0/d/1/1_0.jpg": {
  "size": 20368
 },
 "media/panorama_46B7B54C_4CE8_719A_41D1_8FC560227669_0/b/1/0_0.jpg": {
  "size": 27916
 },
 "media/panorama_46B7B54C_4CE8_719A_41D1_8FC560227669_1_HS_0_0_0_map.gif": {
  "size": 858
 },
 "media/panorama_46A1171A_4CE8_91BE_41A8_275FECCCD291_0/f/0/1_2.jpg": {
  "size": 28588
 },
 "media/panorama_46BD13BD_4CEB_90FA_419B_13AEF0D9BB29_0/l/0/0_2.jpg": {
  "size": 31820
 },
 "media/panorama_46B11363_4CE8_F18E_41C6_045F50FBAB5E_0/d/0/3_0.jpg": {
  "size": 11359
 },
 "media/panorama_46A7CD69_4CEB_919A_41D2_A14F7D0C420A_0/u/0/1_2.jpg": {
  "size": 19889
 },
 "media/panorama_46B13876_4CE8_B076_41D3_188F02FB1EE2_0/f/0/3_1.jpg": {
  "size": 29540
 },
 "media/panorama_46A00908_4CEB_B19A_41A5_754F27F68DEC_0/d/0/0_1.jpg": {
  "size": 14526
 },
 "media/panorama_46A00908_4CEB_B19A_41A5_754F27F68DEC_0/f/2/0_0.jpg": {
  "size": 17633
 },
 "media/panorama_46BD13BD_4CEB_90FA_419B_13AEF0D9BB29_0/f/1/0_0.jpg": {
  "size": 24141
 },
 "media/panorama_46A7CD69_4CEB_919A_41D2_A14F7D0C420A_0/d/2/0_0.jpg": {
  "size": 28936
 },
 "media/panorama_46A7CD69_4CEB_919A_41D2_A14F7D0C420A_0/r/0/0_0.jpg": {
  "size": 9059
 },
 "media/panorama_46A7CD69_4CEB_919A_41D2_A14F7D0C420A_0/r/0/3_2.jpg": {
  "size": 26856
 },
 "media/panorama_46B11363_4CE8_F18E_41C6_045F50FBAB5E_0/f/0/1_3.jpg": {
  "size": 19120
 },
 "media/panorama_46B7B54C_4CE8_719A_41D1_8FC560227669_0/f/0/2_0.jpg": {
  "size": 24079
 },
 "media/panorama_46BD13BD_4CEB_90FA_419B_13AEF0D9BB29_0/u/0/2_0.jpg": {
  "size": 21548
 },
 "media/panorama_46A1171A_4CE8_91BE_41A8_275FECCCD291_0/u/0/1_2.jpg": {
  "size": 4926
 },
 "media/panorama_46A7CD69_4CEB_919A_41D2_A14F7D0C420A_0/f/2/0_0.jpg": {
  "size": 29259
 },
 "media/panorama_46BD13BD_4CEB_90FA_419B_13AEF0D9BB29_0/u/0/0_2.jpg": {
  "size": 8375
 },
 "media/panorama_46B11363_4CE8_F18E_41C6_045F50FBAB5E_0/u/0/0_1.jpg": {
  "size": 5044
 },
 "media/panorama_46BD13BD_4CEB_90FA_419B_13AEF0D9BB29_0/b/0/2_2.jpg": {
  "size": 20023
 },
 "media/panorama_46B13876_4CE8_B076_41D3_188F02FB1EE2_0/r/0/2_3.jpg": {
  "size": 22561
 },
 "media/panorama_46B11363_4CE8_F18E_41C6_045F50FBAB5E_0/b/0/2_1.jpg": {
  "size": 9992
 },
 "media/panorama_46A1171A_4CE8_91BE_41A8_275FECCCD291_0/r/0/2_2.jpg": {
  "size": 13205
 },
 "media/panorama_46BD13BD_4CEB_90FA_419B_13AEF0D9BB29_0/d/1/1_1.jpg": {
  "size": 16813
 },
 "media/panorama_46B13876_4CE8_B076_41D3_188F02FB1EE2_0/b/0/1_1.jpg": {
  "size": 21343
 },
 "media/panorama_46A7CD69_4CEB_919A_41D2_A14F7D0C420A_0/b/0/2_0.jpg": {
  "size": 18745
 },
 "media/panorama_46A7CD69_4CEB_919A_41D2_A14F7D0C420A_0/f/0/1_2.jpg": {
  "size": 14049
 },
 "media/panorama_46B13876_4CE8_B076_41D3_188F02FB1EE2_0/d/2/0_0.jpg": {
  "size": 32346
 },
 "media/panorama_46A1171A_4CE8_91BE_41A8_275FECCCD291_0/b/0/3_2.jpg": {
  "size": 15148
 },
 "media/panorama_46A1171A_4CE8_91BE_41A8_275FECCCD291_0/b/0/1_2.jpg": {
  "size": 31697
 },
 "media/panorama_46B5E91B_4CE8_91BE_41D0_29CCAB56D323_0/f/1/1_0.jpg": {
  "size": 31729
 },
 "media/panorama_46B11363_4CE8_F18E_41C6_045F50FBAB5E_0/u/0/3_0.jpg": {
  "size": 8873
 },
 "media/panorama_46B11363_4CE8_F18E_41C6_045F50FBAB5E_0/r/0/0_2.jpg": {
  "size": 2931
 },
 "media/panorama_46B7B54C_4CE8_719A_41D1_8FC560227669_0/d/0/0_1.jpg": {
  "size": 16864
 },
 "media/panorama_47CD7BAD_4CEB_F09A_41AA_F04B1A74304E_0/d/0/0_1.jpg": {
  "size": 20985
 },
 "media/panorama_46B13876_4CE8_B076_41D3_188F02FB1EE2_0/l/0/3_2.jpg": {
  "size": 38925
 },
 "media/panorama_47CD7BAD_4CEB_F09A_41AA_F04B1A74304E_0/l/0/1_1.jpg": {
  "size": 16539
 },
 "media/panorama_46A7CD69_4CEB_919A_41D2_A14F7D0C420A_0/r/1/1_0.jpg": {
  "size": 17472
 },
 "media/panorama_46B11363_4CE8_F18E_41C6_045F50FBAB5E_0/l/2/0_0.jpg": {
  "size": 27407
 },
 "media/panorama_46A1171A_4CE8_91BE_41A8_275FECCCD291_0/b/0/2_0.jpg": {
  "size": 16514
 },
 "media/panorama_47CD7BAD_4CEB_F09A_41AA_F04B1A74304E_0/d/0/1_1.jpg": {
  "size": 26259
 },
 "media/panorama_46A7CD69_4CEB_919A_41D2_A14F7D0C420A_0/u/0/2_0.jpg": {
  "size": 4909
 },
 "media/panorama_46A00908_4CEB_B19A_41A5_754F27F68DEC_0/u/0/0_3.jpg": {
  "size": 4923
 },
 "media/panorama_46B5E91B_4CE8_91BE_41D0_29CCAB56D323_0/u/2/0_0.jpg": {
  "size": 22426
 },
 "media/panorama_46A7CD69_4CEB_919A_41D2_A14F7D0C420A_0/u/1/0_1.jpg": {
  "size": 31521
 },
 "media/panorama_46A7CD69_4CEB_919A_41D2_A14F7D0C420A_0/d/0/1_2.jpg": {
  "size": 13854
 },
 "media/panorama_46A7CD69_4CEB_919A_41D2_A14F7D0C420A_0/u/0/0_2.jpg": {
  "size": 23312
 },
 "media/panorama_46B7B54C_4CE8_719A_41D1_8FC560227669_0/u/0/3_0.jpg": {
  "size": 24369
 },
 "media/panorama_46BD13BD_4CEB_90FA_419B_13AEF0D9BB29_0/f/0/0_2.jpg": {
  "size": 16686
 },
 "media/panorama_46B11363_4CE8_F18E_41C6_045F50FBAB5E_0/b/0/2_2.jpg": {
  "size": 6488
 },
 "media/panorama_46B5E91B_4CE8_91BE_41D0_29CCAB56D323_0/r/0/0_1.jpg": {
  "size": 25653
 },
 "media/panorama_46A00908_4CEB_B19A_41A5_754F27F68DEC_0/l/0/0_0.jpg": {
  "size": 11717
 },
 "media/panorama_46A7CD69_4CEB_919A_41D2_A14F7D0C420A_0/u/1/1_0.jpg": {
  "size": 6078
 },
 "media/panorama_46B5E91B_4CE8_91BE_41D0_29CCAB56D323_0/u/1/1_1.jpg": {
  "size": 18658
 },
 "media/panorama_46B13876_4CE8_B076_41D3_188F02FB1EE2_0/u/0/0_0.jpg": {
  "size": 17849
 },
 "media/panorama_46B7B54C_4CE8_719A_41D1_8FC560227669_0/f/0/1_3.jpg": {
  "size": 22149
 },
 "media/panorama_46A00908_4CEB_B19A_41A5_754F27F68DEC_0/d/1/0_0.jpg": {
  "size": 18716
 },
 "media/panorama_46B7B54C_4CE8_719A_41D1_8FC560227669_0/l/0/2_1.jpg": {
  "size": 27363
 },
 "media/panorama_46A00908_4CEB_B19A_41A5_754F27F68DEC_0/d/0/0_0.jpg": {
  "size": 10568
 },
 "media/panorama_46B13876_4CE8_B076_41D3_188F02FB1EE2_0/l/0/0_2.jpg": {
  "size": 17890
 },
 "media/panorama_46A7CD69_4CEB_919A_41D2_A14F7D0C420A_0/r/0/3_3.jpg": {
  "size": 29038
 },
 "media/panorama_46BD13BD_4CEB_90FA_419B_13AEF0D9BB29_0/b/0/3_3.jpg": {
  "size": 11529
 },
 "media/panorama_46B7B54C_4CE8_719A_41D1_8FC560227669_0/l/0/2_2.jpg": {
  "size": 27721
 },
 "media/panorama_46B13876_4CE8_B076_41D3_188F02FB1EE2_0/f/0/2_3.jpg": {
  "size": 26682
 },
 "media/panorama_46B13876_4CE8_B076_41D3_188F02FB1EE2_0/l/0/2_0.jpg": {
  "size": 28472
 },
 "media/panorama_46B13876_4CE8_B076_41D3_188F02FB1EE2_0/u/2/0_0.jpg": {
  "size": 14294
 },
 "media/panorama_46A00908_4CEB_B19A_41A5_754F27F68DEC_0/d/0/3_2.jpg": {
  "size": 11531
 },
 "media/panorama_46B5E91B_4CE8_91BE_41D0_29CCAB56D323_0/l/0/0_1.jpg": {
  "size": 28503
 },
 "media/panorama_46BD13BD_4CEB_90FA_419B_13AEF0D9BB29_0/r/1/1_1.jpg": {
  "size": 36001
 },
 "media/panorama_46B7B54C_4CE8_719A_41D1_8FC560227669_0/b/0/1_1.jpg": {
  "size": 35419
 },
 "media/panorama_46B11363_4CE8_F18E_41C6_045F50FBAB5E_0/b/0/3_2.jpg": {
  "size": 8131
 },
 "lib/WebVRPolyfill.js": {
  "size": 101327
 },
 "media/panorama_46B7B54C_4CE8_719A_41D1_8FC560227669_0/l/0/0_1.jpg": {
  "size": 12000
 },
 "media/panorama_46A00908_4CEB_B19A_41A5_754F27F68DEC_0/b/0/2_0.jpg": {
  "size": 19214
 },
 "media/panorama_46BD13BD_4CEB_90FA_419B_13AEF0D9BB29_0/b/2/0_0.jpg": {
  "size": 23662
 },
 "media/panorama_46A00908_4CEB_B19A_41A5_754F27F68DEC_0/d/0/1_0.jpg": {
  "size": 13131
 },
 "media/panorama_46B7B54C_4CE8_719A_41D1_8FC560227669_0/u/1/1_0.jpg": {
  "size": 23633
 },
 "media/panorama_46B11363_4CE8_F18E_41C6_045F50FBAB5E_0/f/0/1_2.jpg": {
  "size": 10109
 },
 "lib/cursors/grab.cur": {
  "size": 326
 },
 "media/panorama_46B13876_4CE8_B076_41D3_188F02FB1EE2_0/u/1/1_1.jpg": {
  "size": 10910
 },
 "media/panorama_46B7B54C_4CE8_719A_41D1_8FC560227669_1_HS_0_0.png": {
  "size": 124849
 },
 "media/panorama_46A7CD69_4CEB_919A_41D2_A14F7D0C420A_0/b/0/1_0.jpg": {
  "size": 11143
 },
 "media/panorama_46B13876_4CE8_B076_41D3_188F02FB1EE2_0/b/0/3_0.jpg": {
  "size": 15108
 },
 "media/panorama_46A1171A_4CE8_91BE_41A8_275FECCCD291_1_HS_0_0.png": {
  "size": 104367
 },
 "media/panorama_46B5E91B_4CE8_91BE_41D0_29CCAB56D323_t.jpg": {
  "size": 4724
 },
 "media/panorama_46BD13BD_4CEB_90FA_419B_13AEF0D9BB29_0/d/0/2_2.jpg": {
  "size": 5151
 },
 "media/panorama_47CD7BAD_4CEB_F09A_41AA_F04B1A74304E_0/l/0/0_0.jpg": {
  "size": 16648
 },
 "media/panorama_46B7B54C_4CE8_719A_41D1_8FC560227669_0/b/1/1_1.jpg": {
  "size": 29783
 },
 "media/panorama_46A00908_4CEB_B19A_41A5_754F27F68DEC_0/u/0/3_2.jpg": {
  "size": 4512
 },
 "media/panorama_46A7CD69_4CEB_919A_41D2_A14F7D0C420A_0/f/0/1_1.jpg": {
  "size": 14364
 },
 "media/panorama_46B11363_4CE8_F18E_41C6_045F50FBAB5E_0/f/1/1_1.jpg": {
  "size": 23896
 },
 "media/panorama_46A1171A_4CE8_91BE_41A8_275FECCCD291_0/u/0/0_3.jpg": {
  "size": 5401
 },
 "media/panorama_46B5E91B_4CE8_91BE_41D0_29CCAB56D323_0/b/0/2_1.jpg": {
  "size": 17468
 },
 "media/panorama_46B11363_4CE8_F18E_41C6_045F50FBAB5E_0/f/1/1_0.jpg": {
  "size": 30673
 },
 "media/panorama_46B13876_4CE8_B076_41D3_188F02FB1EE2_0/f/0/2_1.jpg": {
  "size": 26899
 },
 "media/panorama_46A1171A_4CE8_91BE_41A8_275FECCCD291_0/l/0/1_0.jpg": {
  "size": 26393
 },
 "media/panorama_46B13876_4CE8_B076_41D3_188F02FB1EE2_0/d/0/1_3.jpg": {
  "size": 23915
 },
 "media/panorama_46B13876_4CE8_B076_41D3_188F02FB1EE2_0/f/1/0_0.jpg": {
  "size": 21134
 },
 "media/panorama_46B7B54C_4CE8_719A_41D1_8FC560227669_0/l/0/0_3.jpg": {
  "size": 10502
 },
 "media/panorama_46BD13BD_4CEB_90FA_419B_13AEF0D9BB29_0/b/0/1_3.jpg": {
  "size": 16218
 },
 "media/panorama_46BD13BD_4CEB_90FA_419B_13AEF0D9BB29_0/r/1/1_0.jpg": {
  "size": 31383
 },
 "media/panorama_46B5E91B_4CE8_91BE_41D0_29CCAB56D323_0/d/0/0_2.jpg": {
  "size": 29904
 },
 "media/panorama_46B13876_4CE8_B076_41D3_188F02FB1EE2_0/l/0/0_3.jpg": {
  "size": 15177
 },
 "media/panorama_46B11363_4CE8_F18E_41C6_045F50FBAB5E_0/l/0/2_2.jpg": {
  "size": 33337
 },
 "media/panorama_46A00908_4CEB_B19A_41A5_754F27F68DEC_0/b/0/0_3.jpg": {
  "size": 12960
 },
 "media/panorama_46B7B54C_4CE8_719A_41D1_8FC560227669_0/r/0/3_0.jpg": {
  "size": 16239
 },
 "media/panorama_46A7CD69_4CEB_919A_41D2_A14F7D0C420A_0/d/0/1_3.jpg": {
  "size": 12184
 },
 "media/panorama_46B5E91B_4CE8_91BE_41D0_29CCAB56D323_0/l/0/0_0.jpg": {
  "size": 25701
 },
 "media/panorama_46B5E91B_4CE8_91BE_41D0_29CCAB56D323_0/f/0/1_0.jpg": {
  "size": 26756
 },
 "media/panorama_46B7B54C_4CE8_719A_41D1_8FC560227669_0/f/0/0_3.jpg": {
  "size": 15629
 },
 "media/panorama_46A7CD69_4CEB_919A_41D2_A14F7D0C420A_0/b/0/2_3.jpg": {
  "size": 23278
 },
 "media/panorama_46B11363_4CE8_F18E_41C6_045F50FBAB5E_0/f/1/0_1.jpg": {
  "size": 18652
 },
 "media/panorama_46B13876_4CE8_B076_41D3_188F02FB1EE2_0/r/1/1_1.jpg": {
  "size": 22224
 },
 "media/panorama_46B5E91B_4CE8_91BE_41D0_29CCAB56D323_0/f/1/0_1.jpg": {
  "size": 35182
 },
 "media/panorama_46BD13BD_4CEB_90FA_419B_13AEF0D9BB29_0/d/0/1_2.jpg": {
  "size": 6205
 },
 "media/panorama_46A1171A_4CE8_91BE_41A8_275FECCCD291_0/d/0/2_2.jpg": {
  "size": 19974
 },
 "media/panorama_46B11363_4CE8_F18E_41C6_045F50FBAB5E_0/f/0/0_1.jpg": {
  "size": 8179
 },
 "media/panorama_46A1171A_4CE8_91BE_41A8_275FECCCD291_0/l/0/2_1.jpg": {
  "size": 39667
 },
 "media/panorama_46A00908_4CEB_B19A_41A5_754F27F68DEC_0/l/0/1_3.jpg": {
  "size": 8882
 },
 "media/panorama_46A00908_4CEB_B19A_41A5_754F27F68DEC_0/u/0/1_1.jpg": {
  "size": 16441
 },
 "media/panorama_46A7CD69_4CEB_919A_41D2_A14F7D0C420A_1_HS_0_0_0_map.gif": {
  "size": 862
 },
 "media/panorama_46B13876_4CE8_B076_41D3_188F02FB1EE2_0/l/0/3_1.jpg": {
  "size": 26462
 },
 "media/panorama_46A1171A_4CE8_91BE_41A8_275FECCCD291_0/r/1/1_0.jpg": {
  "size": 10080
 },
 "media/panorama_46B5E91B_4CE8_91BE_41D0_29CCAB56D323_1_HS_0_0_0_map.gif": {
  "size": 857
 },
 "media/panorama_46BD13BD_4CEB_90FA_419B_13AEF0D9BB29_1_HS_3_0_0_map.gif": {
  "size": 857
 },
 "media/panorama_46B11363_4CE8_F18E_41C6_045F50FBAB5E_0/f/2/0_0.jpg": {
  "size": 30178
 },
 "media/panorama_46B11363_4CE8_F18E_41C6_045F50FBAB5E_0/u/0/0_2.jpg": {
  "size": 4755
 },
 "media/panorama_46B13876_4CE8_B076_41D3_188F02FB1EE2_0/d/1/0_1.jpg": {
  "size": 36804
 },
 "media/panorama_46A00908_4CEB_B19A_41A5_754F27F68DEC_0/r/1/1_0.jpg": {
  "size": 9691
 },
 "media/panorama_46A1171A_4CE8_91BE_41A8_275FECCCD291_0/u/1/1_0.jpg": {
  "size": 12316
 },
 "media/panorama_46B7B54C_4CE8_719A_41D1_8FC560227669_0/b/0/2_3.jpg": {
  "size": 30289
 },
 "media/panorama_46A7CD69_4CEB_919A_41D2_A14F7D0C420A_0/l/0/0_0.jpg": {
  "size": 12429
 },
 "media/panorama_46B7B54C_4CE8_719A_41D1_8FC560227669_0/f/0/3_1.jpg": {
  "size": 37894
 },
 "media/panorama_46B7B54C_4CE8_719A_41D1_8FC560227669_0/f/0/1_1.jpg": {
  "size": 33874
 },
 "media/panorama_46B7B54C_4CE8_719A_41D1_8FC560227669_0/u/1/0_1.jpg": {
  "size": 7217
 },
 "media/panorama_46A7CD69_4CEB_919A_41D2_A14F7D0C420A_0/b/0/0_3.jpg": {
  "size": 23616
 },
 "media/panorama_46BD13BD_4CEB_90FA_419B_13AEF0D9BB29_0/r/0/0_1.jpg": {
  "size": 14161
 },
 "media/panorama_46B5E91B_4CE8_91BE_41D0_29CCAB56D323_0/b/0/0_1.jpg": {
  "size": 23839
 },
 "media/panorama_46BD13BD_4CEB_90FA_419B_13AEF0D9BB29_1_HS_6_0_0_map.gif": {
  "size": 870
 },
 "media/panorama_46B13876_4CE8_B076_41D3_188F02FB1EE2_0/u/0/3_0.jpg": {
  "size": 8156
 },
 "media/panorama_46B13876_4CE8_B076_41D3_188F02FB1EE2_0/r/0/1_1.jpg": {
  "size": 23752
 },
 "media/panorama_46BD13BD_4CEB_90FA_419B_13AEF0D9BB29_0/u/0/3_2.jpg": {
  "size": 5350
 },
 "media/panorama_46B11363_4CE8_F18E_41C6_045F50FBAB5E_0/r/1/0_0.jpg": {
  "size": 22214
 },
 "media/panorama_46B7B54C_4CE8_719A_41D1_8FC560227669_0/d/0/2_0.jpg": {
  "size": 16474
 },
 "media/panorama_46A00908_4CEB_B19A_41A5_754F27F68DEC_0/f/0/0_1.jpg": {
  "size": 2494
 },
 "media/panorama_46A00908_4CEB_B19A_41A5_754F27F68DEC_0/l/0/2_2.jpg": {
  "size": 7901
 },
 "media/panorama_46A7CD69_4CEB_919A_41D2_A14F7D0C420A_0/r/1/0_1.jpg": {
  "size": 30746
 },
 "media/panorama_46A1171A_4CE8_91BE_41A8_275FECCCD291_0/l/0/1_3.jpg": {
  "size": 20592
 },
 "media/panorama_46B5E91B_4CE8_91BE_41D0_29CCAB56D323_0/d/2/0_0.jpg": {
  "size": 38072
 },
 "media/panorama_47CD7BAD_4CEB_F09A_41AA_F04B1A74304E_0/b/0/0_1.jpg": {
  "size": 26132
 },
 "media/panorama_46A7CD69_4CEB_919A_41D2_A14F7D0C420A_0/d/0/3_3.jpg": {
  "size": 20769
 },
 "media/panorama_46BD13BD_4CEB_90FA_419B_13AEF0D9BB29_0/f/1/1_1.jpg": {
  "size": 26413
 },
 "media/panorama_46B13876_4CE8_B076_41D3_188F02FB1EE2_0/d/0/0_1.jpg": {
  "size": 24901
 },
 "media/panorama_46B5E91B_4CE8_91BE_41D0_29CCAB56D323_0/u/1/1_0.jpg": {
  "size": 17530
 },
 "media/panorama_46B7B54C_4CE8_719A_41D1_8FC560227669_0/d/0/0_0.jpg": {
  "size": 19557
 },
 "media/panorama_46B11363_4CE8_F18E_41C6_045F50FBAB5E_0/l/0/3_0.jpg": {
  "size": 13033
 },
 "media/panorama_46BD13BD_4CEB_90FA_419B_13AEF0D9BB29_0/d/0/2_0.jpg": {
  "size": 13188
 },
 "media/panorama_46A00908_4CEB_B19A_41A5_754F27F68DEC_0/b/1/0_0.jpg": {
  "size": 17881
 },
 "media/panorama_46B11363_4CE8_F18E_41C6_045F50FBAB5E_t.jpg": {
  "size": 3899
 },
 "media/panorama_46A1171A_4CE8_91BE_41A8_275FECCCD291_0/f/0/2_3.jpg": {
  "size": 22144
 },
 "media/panorama_46B5E91B_4CE8_91BE_41D0_29CCAB56D323_0/f/0/0_2.jpg": {
  "size": 28712
 },
 "media/panorama_46B7B54C_4CE8_719A_41D1_8FC560227669_0/u/1/1_1.jpg": {
  "size": 5225
 },
 "media/panorama_46A1171A_4CE8_91BE_41A8_275FECCCD291_0/d/0/1_0.jpg": {
  "size": 14231
 },
 "media/panorama_46A7CD69_4CEB_919A_41D2_A14F7D0C420A_0/l/0/3_0.jpg": {
  "size": 10956
 },
 "lib/cursors/FN.cur": {
  "size": 4526
 },
 "media/panorama_46B7B54C_4CE8_719A_41D1_8FC560227669_0/d/2/0_0.jpg": {
  "size": 26773
 },
 "media/panorama_46BD13BD_4CEB_90FA_419B_13AEF0D9BB29_0/r/0/3_2.jpg": {
  "size": 25966
 },
 "media/panorama_46B11363_4CE8_F18E_41C6_045F50FBAB5E_0/b/1/0_0.jpg": {
  "size": 16272
 },
 "media/panorama_46A00908_4CEB_B19A_41A5_754F27F68DEC_0/u/1/0_0.jpg": {
  "size": 18762
 },
 "media/panorama_46B7B54C_4CE8_719A_41D1_8FC560227669_0/r/0/1_1.jpg": {
  "size": 13893
 },
 "media/panorama_46B5E91B_4CE8_91BE_41D0_29CCAB56D323_0/u/0/0_0.jpg": {
  "size": 30521
 },
 "media/panorama_46A1171A_4CE8_91BE_41A8_275FECCCD291_1_HS_1_0_0_map.gif": {
  "size": 879
 },
 "media/panorama_46B11363_4CE8_F18E_41C6_045F50FBAB5E_0/u/1/1_0.jpg": {
  "size": 11039
 },
 "media/panorama_46A00908_4CEB_B19A_41A5_754F27F68DEC_0/f/0/1_2.jpg": {
  "size": 2308
 },
 "media/panorama_46A7CD69_4CEB_919A_41D2_A14F7D0C420A_0/d/1/0_1.jpg": {
  "size": 24924
 },
 "media/panorama_46A00908_4CEB_B19A_41A5_754F27F68DEC_0/d/0/1_3.jpg": {
  "size": 16430
 },
 "media/panorama_46A7CD69_4CEB_919A_41D2_A14F7D0C420A_0/f/0/3_0.jpg": {
  "size": 17186
 },
 "media/panorama_46B7B54C_4CE8_719A_41D1_8FC560227669_0/u/0/0_2.jpg": {
  "size": 11928
 },
 "media/panorama_46B7B54C_4CE8_719A_41D1_8FC560227669_0/r/1/1_1.jpg": {
  "size": 21562
 },
 "media/panorama_46A00908_4CEB_B19A_41A5_754F27F68DEC_0/b/0/0_0.jpg": {
  "size": 8129
 },
 "media/panorama_46B7B54C_4CE8_719A_41D1_8FC560227669_0/b/1/0_1.jpg": {
  "size": 35498
 },
 "media/panorama_46B7B54C_4CE8_719A_41D1_8FC560227669_0/b/0/1_3.jpg": {
  "size": 29273
 },
 "media/panorama_47CD7BAD_4CEB_F09A_41AA_F04B1A74304E_0/f/0/0_1.jpg": {
  "size": 29300
 },
 "media/panorama_46BD13BD_4CEB_90FA_419B_13AEF0D9BB29_0/l/0/1_1.jpg": {
  "size": 24415
 },
 "media/panorama_46A7CD69_4CEB_919A_41D2_A14F7D0C420A_0/u/0/2_3.jpg": {
  "size": 26558
 },
 "media/panorama_46A1171A_4CE8_91BE_41A8_275FECCCD291_0/l/1/1_1.jpg": {
  "size": 29653
 },
 "media/panorama_46B5E91B_4CE8_91BE_41D0_29CCAB56D323_0/b/0/1_0.jpg": {
  "size": 16796
 },
 "media/panorama_46BD13BD_4CEB_90FA_419B_13AEF0D9BB29_0/f/0/0_3.jpg": {
  "size": 41316
 },
 "media/panorama_46B13876_4CE8_B076_41D3_188F02FB1EE2_0/d/0/2_3.jpg": {
  "size": 19550
 },
 "media/panorama_46B11363_4CE8_F18E_41C6_045F50FBAB5E_0/f/0/1_1.jpg": {
  "size": 14950
 },
 "media/panorama_46A1171A_4CE8_91BE_41A8_275FECCCD291_0/b/0/0_0.jpg": {
  "size": 10127
 },
 "media/panorama_46BD13BD_4CEB_90FA_419B_13AEF0D9BB29_0/l/0/1_2.jpg": {
  "size": 29895
 },
 "media/panorama_46BD13BD_4CEB_90FA_419B_13AEF0D9BB29_0/u/0/3_0.jpg": {
  "size": 15914
 },
 "media/panorama_46A1171A_4CE8_91BE_41A8_275FECCCD291_0/d/0/3_3.jpg": {
  "size": 10942
 },
 "media/panorama_46B11363_4CE8_F18E_41C6_045F50FBAB5E_0/d/1/0_0.jpg": {
  "size": 61067
 },
 "media/panorama_46B7B54C_4CE8_719A_41D1_8FC560227669_0/d/0/1_3.jpg": {
  "size": 23350
 },
 "media/panorama_46B13876_4CE8_B076_41D3_188F02FB1EE2_0/b/1/1_0.jpg": {
  "size": 24310
 },
 "media/panorama_46A00908_4CEB_B19A_41A5_754F27F68DEC_0/r/0/1_1.jpg": {
  "size": 5167
 },
 "media/panorama_46A1171A_4CE8_91BE_41A8_275FECCCD291_0/b/0/1_1.jpg": {
  "size": 29244
 },
 "media/panorama_46BD13BD_4CEB_90FA_419B_13AEF0D9BB29_0/f/0/3_3.jpg": {
  "size": 16235
 },
 "media/panorama_46B11363_4CE8_F18E_41C6_045F50FBAB5E_0/f/0/2_3.jpg": {
  "size": 10847
 },
 "media/panorama_46A7CD69_4CEB_919A_41D2_A14F7D0C420A_0/d/0/3_1.jpg": {
  "size": 17298
 },
 "media/panorama_46A7CD69_4CEB_919A_41D2_A14F7D0C420A_0/b/0/2_1.jpg": {
  "size": 30182
 },
 "media/panorama_46A7CD69_4CEB_919A_41D2_A14F7D0C420A_0/l/0/1_1.jpg": {
  "size": 25668
 },
 "media/panorama_46BD13BD_4CEB_90FA_419B_13AEF0D9BB29_0/b/1/1_1.jpg": {
  "size": 19906
 },
 "media/panorama_46B11363_4CE8_F18E_41C6_045F50FBAB5E_0/l/0/3_3.jpg": {
  "size": 12339
 },
 "media/panorama_46A00908_4CEB_B19A_41A5_754F27F68DEC_0/l/0/3_1.jpg": {
  "size": 10239
 },
 "media/panorama_46A00908_4CEB_B19A_41A5_754F27F68DEC_0/r/0/0_1.jpg": {
  "size": 4854
 },
 "media/panorama_46B13876_4CE8_B076_41D3_188F02FB1EE2_0/f/0/0_1.jpg": {
  "size": 10205
 },
 "media/panorama_46B7B54C_4CE8_719A_41D1_8FC560227669_0/b/0/0_3.jpg": {
  "size": 31116
 },
 "lib/cursors/SW.cur": {
  "size": 3542
 },
 "media/panorama_46A7CD69_4CEB_919A_41D2_A14F7D0C420A_0/b/0/2_2.jpg": {
  "size": 9548
 },
 "media/panorama_46B11363_4CE8_F18E_41C6_045F50FBAB5E_0/b/0/2_3.jpg": {
  "size": 7191
 },
 "media/panorama_46B7B54C_4CE8_719A_41D1_8FC560227669_0/l/0/3_1.jpg": {
  "size": 11231
 },
 "media/panorama_46B11363_4CE8_F18E_41C6_045F50FBAB5E_0/r/0/1_0.jpg": {
  "size": 23349
 },
 "media/panorama_46B13876_4CE8_B076_41D3_188F02FB1EE2_0/b/0/3_3.jpg": {
  "size": 18225
 },
 "media/panorama_46A1171A_4CE8_91BE_41A8_275FECCCD291_0/u/0/1_0.jpg": {
  "size": 9884
 },
 "media/panorama_46A1171A_4CE8_91BE_41A8_275FECCCD291_0/b/0/0_2.jpg": {
  "size": 18848
 },
 "media/panorama_46B7B54C_4CE8_719A_41D1_8FC560227669_0/d/0/2_2.jpg": {
  "size": 21466
 },
 "media/panorama_46A1171A_4CE8_91BE_41A8_275FECCCD291_0/f/0/3_2.jpg": {
  "size": 15015
 },
 "media/panorama_46B11363_4CE8_F18E_41C6_045F50FBAB5E_0/d/0/1_1.jpg": {
  "size": 36934
 },
 "lib/cursors/FS.cur": {
  "size": 4526
 },
 "media/panorama_46B7B54C_4CE8_719A_41D1_8FC560227669_0/f/0/0_0.jpg": {
  "size": 23885
 },
 "media/panorama_46A1171A_4CE8_91BE_41A8_275FECCCD291_0/f/0/1_1.jpg": {
  "size": 34320
 },
 "media/panorama_46A1171A_4CE8_91BE_41A8_275FECCCD291_0/d/0/1_1.jpg": {
  "size": 27994
 },
 "media/panorama_46A1171A_4CE8_91BE_41A8_275FECCCD291_0/r/2/0_0.jpg": {
  "size": 14976
 },
 "media/panorama_46B13876_4CE8_B076_41D3_188F02FB1EE2_0/d/0/3_3.jpg": {
  "size": 16181
 },
 "media/panorama_46A7CD69_4CEB_919A_41D2_A14F7D0C420A_0/u/0/3_3.jpg": {
  "size": 25362
 },
 "media/panorama_46B5E91B_4CE8_91BE_41D0_29CCAB56D323_0/b/0/1_2.jpg": {
  "size": 28729
 },
 "media/panorama_46B5E91B_4CE8_91BE_41D0_29CCAB56D323_0/d/0/1_2.jpg": {
  "size": 33367
 },
 "media/panorama_46A00908_4CEB_B19A_41A5_754F27F68DEC_0/l/1/0_1.jpg": {
  "size": 13346
 },
 "media/panorama_46A7CD69_4CEB_919A_41D2_A14F7D0C420A_0/r/0/1_2.jpg": {
  "size": 49194
 },
 "media/panorama_46B13876_4CE8_B076_41D3_188F02FB1EE2_0/b/0/1_2.jpg": {
  "size": 30515
 },
 "media/panorama_46BD13BD_4CEB_90FA_419B_13AEF0D9BB29_0/r/0/1_3.jpg": {
  "size": 39624
 },
 "media/panorama_46B13876_4CE8_B076_41D3_188F02FB1EE2_0/r/0/0_2.jpg": {
  "size": 7623
 },
 "media/panorama_46BD13BD_4CEB_90FA_419B_13AEF0D9BB29_0/r/0/2_1.jpg": {
  "size": 24146
 },
 "media/panorama_46B11363_4CE8_F18E_41C6_045F50FBAB5E_0/l/1/1_1.jpg": {
  "size": 21557
 },
 "media/panorama_46BD13BD_4CEB_90FA_419B_13AEF0D9BB29_0/l/0/0_0.jpg": {
  "size": 12827
 },
 "media/panorama_46BD13BD_4CEB_90FA_419B_13AEF0D9BB29_0/f/0/1_3.jpg": {
  "size": 27120
 },
 "media/panorama_46B11363_4CE8_F18E_41C6_045F50FBAB5E_0/r/0/1_1.jpg": {
  "size": 13924
 },
 "media/panorama_46B7B54C_4CE8_719A_41D1_8FC560227669_0/b/0/3_3.jpg": {
  "size": 23942
 },
 "media/panorama_46B13876_4CE8_B076_41D3_188F02FB1EE2_0/u/0/2_2.jpg": {
  "size": 9398
 },
 "media/panorama_46B13876_4CE8_B076_41D3_188F02FB1EE2_0/f/0/0_2.jpg": {
  "size": 13645
 },
 "media/panorama_46A00908_4CEB_B19A_41A5_754F27F68DEC_0/b/0/3_2.jpg": {
  "size": 11948
 },
 "media/panorama_46A00908_4CEB_B19A_41A5_754F27F68DEC_0/b/0/2_2.jpg": {
  "size": 19334
 },
 "media/panorama_46B11363_4CE8_F18E_41C6_045F50FBAB5E_0/u/0/1_1.jpg": {
  "size": 3473
 },
 "media/panorama_46B7B54C_4CE8_719A_41D1_8FC560227669_0/b/0/1_2.jpg": {
  "size": 28638
 },
 "media/panorama_46A00908_4CEB_B19A_41A5_754F27F68DEC_0/r/0/2_1.jpg": {
  "size": 4126
 },
 "media/panorama_46B11363_4CE8_F18E_41C6_045F50FBAB5E_0/r/0/3_2.jpg": {
  "size": 8634
 },
 "media/panorama_46BD13BD_4CEB_90FA_419B_13AEF0D9BB29_0/u/0/0_0.jpg": {
  "size": 9319
 },
 "media/panorama_46A00908_4CEB_B19A_41A5_754F27F68DEC_0/u/1/0_1.jpg": {
  "size": 14954
 },
 "media/panorama_46A7CD69_4CEB_919A_41D2_A14F7D0C420A_0/b/0/3_3.jpg": {
  "size": 21066
 },
 "media/panorama_46A1171A_4CE8_91BE_41A8_275FECCCD291_0/l/0/0_3.jpg": {
  "size": 14829
 },
 "media/panorama_46B13876_4CE8_B076_41D3_188F02FB1EE2_0/u/0/3_2.jpg": {
  "size": 10734
 },
 "media/panorama_46B13876_4CE8_B076_41D3_188F02FB1EE2_0/l/0/1_3.jpg": {
  "size": 21427
 },
 "media/panorama_46A00908_4CEB_B19A_41A5_754F27F68DEC_0/b/0/1_1.jpg": {
  "size": 16520
 },
 "media/panorama_46A7CD69_4CEB_919A_41D2_A14F7D0C420A_0/l/0/0_1.jpg": {
  "size": 18800
 },
 "media/panorama_46B5E91B_4CE8_91BE_41D0_29CCAB56D323_0/d/0/1_0.jpg": {
  "size": 36373
 },
 "media/panorama_46B11363_4CE8_F18E_41C6_045F50FBAB5E_0/b/0/3_1.jpg": {
  "size": 5941
 },
 "media/panorama_46A00908_4CEB_B19A_41A5_754F27F68DEC_0/f/0/0_3.jpg": {
  "size": 2577
 },
 "media/panorama_46A7CD69_4CEB_919A_41D2_A14F7D0C420A_0/r/0/2_1.jpg": {
  "size": 8544
 },
 "media/panorama_46B5E91B_4CE8_91BE_41D0_29CCAB56D323_0/f/0/2_0.jpg": {
  "size": 24870
 },
 "media/panorama_46A1171A_4CE8_91BE_41A8_275FECCCD291_0/d/0/1_2.jpg": {
  "size": 25361
 },
 "media/panorama_46BD13BD_4CEB_90FA_419B_13AEF0D9BB29_0/l/0/0_3.jpg": {
  "size": 24732
 },
 "media/panorama_46B5E91B_4CE8_91BE_41D0_29CCAB56D323_0/b/0/2_2.jpg": {
  "size": 28919
 },
 "media/panorama_46B13876_4CE8_B076_41D3_188F02FB1EE2_0/b/0/0_2.jpg": {
  "size": 29493
 },
 "media/panorama_46A7CD69_4CEB_919A_41D2_A14F7D0C420A_0/u/0/3_2.jpg": {
  "size": 23806
 },
 "media/panorama_46B5E91B_4CE8_91BE_41D0_29CCAB56D323_0/f/0/1_2.jpg": {
  "size": 37627
 },
 "media/panorama_47CD7BAD_4CEB_F09A_41AA_F04B1A74304E_0/f/1/0_0.jpg": {
  "size": 42538
 },
 "media/panorama_46A1171A_4CE8_91BE_41A8_275FECCCD291_0/d/0/3_1.jpg": {
  "size": 11835
 },
 "media/panorama_46B11363_4CE8_F18E_41C6_045F50FBAB5E_0/d/0/2_3.jpg": {
  "size": 14420
 },
 "media/panorama_46A00908_4CEB_B19A_41A5_754F27F68DEC_0/l/0/0_3.jpg": {
  "size": 10248
 },
 "media/panorama_46B11363_4CE8_F18E_41C6_045F50FBAB5E_0/l/0/0_3.jpg": {
  "size": 9423
 },
 "media/panorama_46BD13BD_4CEB_90FA_419B_13AEF0D9BB29_0/f/0/1_0.jpg": {
  "size": 20408
 },
 "media/panorama_46A00908_4CEB_B19A_41A5_754F27F68DEC_0/d/0/3_3.jpg": {
  "size": 10755
 },
 "media/panorama_46B5E91B_4CE8_91BE_41D0_29CCAB56D323_0/b/1/1_1.jpg": {
  "size": 24553
 },
 "media/panorama_46A00908_4CEB_B19A_41A5_754F27F68DEC_0/f/0/2_0.jpg": {
  "size": 16368
 },
 "media/panorama_46BD13BD_4CEB_90FA_419B_13AEF0D9BB29_1_HS_3_0.png": {
  "size": 104783
 },
 "media/panorama_46A00908_4CEB_B19A_41A5_754F27F68DEC_0/r/0/3_2.jpg": {
  "size": 9282
 },
 "media/panorama_46B13876_4CE8_B076_41D3_188F02FB1EE2_0/b/0/1_3.jpg": {
  "size": 27341
 },
 "media/panorama_46B5E91B_4CE8_91BE_41D0_29CCAB56D323_0/r/0/0_0.jpg": {
  "size": 27579
 },
 "media/panorama_46B5E91B_4CE8_91BE_41D0_29CCAB56D323_0/u/0/1_0.jpg": {
  "size": 26658
 },
 "media/panorama_46BD13BD_4CEB_90FA_419B_13AEF0D9BB29_0/l/0/1_0.jpg": {
  "size": 17914
 },
 "script.js": {
  "size": 166038
 },
 "media/panorama_46BD13BD_4CEB_90FA_419B_13AEF0D9BB29_0/b/0/1_2.jpg": {
  "size": 19721
 },
 "media/panorama_46BD13BD_4CEB_90FA_419B_13AEF0D9BB29_0/b/0/0_0.jpg": {
  "size": 20488
 },
 "media/panorama_46B5E91B_4CE8_91BE_41D0_29CCAB56D323_0/d/0/0_0.jpg": {
  "size": 25074
 },
 "media/panorama_46BD13BD_4CEB_90FA_419B_13AEF0D9BB29_0/b/0/0_3.jpg": {
  "size": 9307
 },
 "media/panorama_46BD13BD_4CEB_90FA_419B_13AEF0D9BB29_0/r/0/1_1.jpg": {
  "size": 17719
 },
 "media/panorama_46B5E91B_4CE8_91BE_41D0_29CCAB56D323_0/d/0/1_1.jpg": {
  "size": 24561
 },
 "media/panorama_46B11363_4CE8_F18E_41C6_045F50FBAB5E_0/l/0/2_1.jpg": {
  "size": 19602
 },
 "media/panorama_46B5E91B_4CE8_91BE_41D0_29CCAB56D323_0/u/0/2_0.jpg": {
  "size": 18031
 },
 "media/panorama_46B7B54C_4CE8_719A_41D1_8FC560227669_0/d/0/3_3.jpg": {
  "size": 23153
 },
 "media/panorama_46A7CD69_4CEB_919A_41D2_A14F7D0C420A_0/f/0/1_0.jpg": {
  "size": 9171
 },
 "media/panorama_46A7CD69_4CEB_919A_41D2_A14F7D0C420A_0/l/1/0_1.jpg": {
  "size": 23626
 },
 "media/panorama_46B13876_4CE8_B076_41D3_188F02FB1EE2_0/u/0/2_3.jpg": {
  "size": 9084
 },
 "media/panorama_46BD13BD_4CEB_90FA_419B_13AEF0D9BB29_0/d/0/0_1.jpg": {
  "size": 27049
 },
 "media/panorama_46A1171A_4CE8_91BE_41A8_275FECCCD291_0/d/0/2_3.jpg": {
  "size": 12357
 },
 "media/panorama_46A7CD69_4CEB_919A_41D2_A14F7D0C420A_0/u/0/0_1.jpg": {
  "size": 10350
 },
 "media/panorama_46B11363_4CE8_F18E_41C6_045F50FBAB5E_0/r/1/1_1.jpg": {
  "size": 14751
 },
 "media/panorama_46BD13BD_4CEB_90FA_419B_13AEF0D9BB29_0/u/0/1_2.jpg": {
  "size": 4455
 },
 "media/panorama_46A1171A_4CE8_91BE_41A8_275FECCCD291_0/r/1/0_1.jpg": {
  "size": 16941
 },
 "media/panorama_46A7CD69_4CEB_919A_41D2_A14F7D0C420A_1_HS_0_0.png": {
  "size": 65267
 },
 "media/panorama_46A1171A_4CE8_91BE_41A8_275FECCCD291_0/b/0/1_3.jpg": {
  "size": 29921
 },
 "lib/Hls.js": {
  "size": 252957
 },
 "media/panorama_46A00908_4CEB_B19A_41A5_754F27F68DEC_0/l/0/2_1.jpg": {
  "size": 8263
 },
 "media/panorama_46B13876_4CE8_B076_41D3_188F02FB1EE2_0/b/0/2_3.jpg": {
  "size": 26695
 },
 "media/panorama_47CD7BAD_4CEB_F09A_41AA_F04B1A74304E_0/r/0/0_1.jpg": {
  "size": 16608
 },
 "media/panorama_46B5E91B_4CE8_91BE_41D0_29CCAB56D323_0/r/0/1_1.jpg": {
  "size": 28937
 },
 "media/panorama_46BD13BD_4CEB_90FA_419B_13AEF0D9BB29_0/u/0/1_3.jpg": {
  "size": 25111
 },
 "media/panorama_46BD13BD_4CEB_90FA_419B_13AEF0D9BB29_0/u/2/0_0.jpg": {
  "size": 20555
 },
 "media/panorama_46B7B54C_4CE8_719A_41D1_8FC560227669_0/l/0/2_0.jpg": {
  "size": 27656
 },
 "media/panorama_46B13876_4CE8_B076_41D3_188F02FB1EE2_0/l/1/1_1.jpg": {
  "size": 30454
 },
 "media/panorama_46B5E91B_4CE8_91BE_41D0_29CCAB56D323_0/d/1/1_1.jpg": {
  "size": 31296
 },
 "media/panorama_46A1171A_4CE8_91BE_41A8_275FECCCD291_0/b/2/0_0.jpg": {
  "size": 33334
 },
 "media/panorama_46A1171A_4CE8_91BE_41A8_275FECCCD291_0/d/2/0_0.jpg": {
  "size": 26270
 },
 "media/panorama_46B7B54C_4CE8_719A_41D1_8FC560227669_0/d/0/1_2.jpg": {
  "size": 19971
 },
 "media/panorama_46A00908_4CEB_B19A_41A5_754F27F68DEC_0/u/0/3_1.jpg": {
  "size": 4375
 },
 "media/panorama_46A00908_4CEB_B19A_41A5_754F27F68DEC_0/d/1/1_1.jpg": {
  "size": 16789
 },
 "media/panorama_46B13876_4CE8_B076_41D3_188F02FB1EE2_0/r/0/1_3.jpg": {
  "size": 25593
 },
 "media/panorama_46B11363_4CE8_F18E_41C6_045F50FBAB5E_1_HS_0_0.png": {
  "size": 82821
 },
 "media/panorama_46A00908_4CEB_B19A_41A5_754F27F68DEC_0/r/0/1_3.jpg": {
  "size": 6556
 },
 "media/panorama_46B5E91B_4CE8_91BE_41D0_29CCAB56D323_0/l/0/1_2.jpg": {
  "size": 26525
 },
 "media/panorama_46A1171A_4CE8_91BE_41A8_275FECCCD291_0/u/1/0_1.jpg": {
  "size": 6692
 },
 "media/panorama_46A00908_4CEB_B19A_41A5_754F27F68DEC_0/l/0/1_2.jpg": {
  "size": 8610
 },
 "media/panorama_46B13876_4CE8_B076_41D3_188F02FB1EE2_0/f/0/2_0.jpg": {
  "size": 25173
 },
 "media/panorama_46A00908_4CEB_B19A_41A5_754F27F68DEC_0/b/0/1_3.jpg": {
  "size": 19845
 },
 "media/panorama_46B13876_4CE8_B076_41D3_188F02FB1EE2_0/f/0/3_0.jpg": {
  "size": 28745
 },
 "media/panorama_46A1171A_4CE8_91BE_41A8_275FECCCD291_0/u/2/0_0.jpg": {
  "size": 14746
 },
 "media/panorama_46A7CD69_4CEB_919A_41D2_A14F7D0C420A_0/b/1/0_0.jpg": {
  "size": 26053
 },
 "media/panorama_46A00908_4CEB_B19A_41A5_754F27F68DEC_0/r/2/0_0.jpg": {
  "size": 15033
 },
 "media/panorama_46B7B54C_4CE8_719A_41D1_8FC560227669_0/d/1/1_0.jpg": {
  "size": 24859
 },
 "media/panorama_46A7CD69_4CEB_919A_41D2_A14F7D0C420A_0/l/0/1_3.jpg": {
  "size": 17345
 },
 "media/panorama_46B5E91B_4CE8_91BE_41D0_29CCAB56D323_0/f/2/0_0.jpg": {
  "size": 40705
 },
 "media/panorama_46B5E91B_4CE8_91BE_41D0_29CCAB56D323_0/u/1/0_1.jpg": {
  "size": 15269
 },
 "media/panorama_46A7CD69_4CEB_919A_41D2_A14F7D0C420A_0/l/0/2_3.jpg": {
  "size": 11909
 },
 "media/panorama_46A00908_4CEB_B19A_41A5_754F27F68DEC_0/r/1/0_1.jpg": {
  "size": 9293
 },
 "media/panorama_46BD13BD_4CEB_90FA_419B_13AEF0D9BB29_0/r/1/0_0.jpg": {
  "size": 21237
 },
 "media/panorama_46B5E91B_4CE8_91BE_41D0_29CCAB56D323_0/f/1/0_0.jpg": {
  "size": 27926
 },
 "media/panorama_46B13876_4CE8_B076_41D3_188F02FB1EE2_0/r/1/1_0.jpg": {
  "size": 24131
 },
 "media/panorama_46B7B54C_4CE8_719A_41D1_8FC560227669_0/r/0/1_0.jpg": {
  "size": 22090
 },
 "media/panorama_46B7B54C_4CE8_719A_41D1_8FC560227669_0/f/0/1_2.jpg": {
  "size": 24676
 },
 "media/panorama_46A00908_4CEB_B19A_41A5_754F27F68DEC_0/u/0/1_0.jpg": {
  "size": 8162
 },
 "media/panorama_46B11363_4CE8_F18E_41C6_045F50FBAB5E_0/f/0/3_2.jpg": {
  "size": 33422
 },
 "media/panorama_46B13876_4CE8_B076_41D3_188F02FB1EE2_0/l/1/0_1.jpg": {
  "size": 22503
 },
 "media/panorama_46B7B54C_4CE8_719A_41D1_8FC560227669_0/f/0/3_2.jpg": {
  "size": 27386
 },
 "media/panorama_46BD13BD_4CEB_90FA_419B_13AEF0D9BB29_0/f/0/3_0.jpg": {
  "size": 28542
 },
 "media/panorama_46B7B54C_4CE8_719A_41D1_8FC560227669_0/r/0/3_3.jpg": {
  "size": 11272
 },
 "media/panorama_46B11363_4CE8_F18E_41C6_045F50FBAB5E_0/d/1/0_1.jpg": {
  "size": 56390
 },
 "media/panorama_47CD7BAD_4CEB_F09A_41AA_F04B1A74304E_0/u/0/0_0.jpg": {
  "size": 18400
 },
 "media/panorama_46A00908_4CEB_B19A_41A5_754F27F68DEC_0/u/0/2_1.jpg": {
  "size": 10565
 },
 "media/panorama_46BD13BD_4CEB_90FA_419B_13AEF0D9BB29_0/d/0/3_1.jpg": {
  "size": 25443
 },
 "media/panorama_46B5E91B_4CE8_91BE_41D0_29CCAB56D323_0/l/1/0_1.jpg": {
  "size": 29491
 },
 "media/panorama_46B11363_4CE8_F18E_41C6_045F50FBAB5E_0/d/0/0_1.jpg": {
  "size": 53408
 },
 "media/panorama_46A1171A_4CE8_91BE_41A8_275FECCCD291_0/b/0/3_3.jpg": {
  "size": 16058
 },
 "media/panorama_46B13876_4CE8_B076_41D3_188F02FB1EE2_0/l/0/0_0.jpg": {
  "size": 23345
 },
 "lib/cursors/FW.cur": {
  "size": 4526
 },
 "media/panorama_46B13876_4CE8_B076_41D3_188F02FB1EE2_1_HS_1_0_0_map.gif": {
  "size": 879
 },
 "media/panorama_46B11363_4CE8_F18E_41C6_045F50FBAB5E_0/r/0/2_2.jpg": {
  "size": 9635
 },
 "media/panorama_46B7B54C_4CE8_719A_41D1_8FC560227669_0/f/0/0_2.jpg": {
  "size": 6067
 },
 "media/panorama_46A00908_4CEB_B19A_41A5_754F27F68DEC_0/b/1/1_1.jpg": {
  "size": 21121
 },
 "media/panorama_46B13876_4CE8_B076_41D3_188F02FB1EE2_0/d/0/0_0.jpg": {
  "size": 32409
 },
 "media/panorama_46B7B54C_4CE8_719A_41D1_8FC560227669_0/l/0/0_0.jpg": {
  "size": 12854
 },
 "media/panorama_46B11363_4CE8_F18E_41C6_045F50FBAB5E_0/d/0/2_2.jpg": {
  "size": 17385
 },
 "media/panorama_46A1171A_4CE8_91BE_41A8_275FECCCD291_0/b/1/1_1.jpg": {
  "size": 30984
 },
 "media/panorama_46A00908_4CEB_B19A_41A5_754F27F68DEC_0/r/0/0_2.jpg": {
  "size": 6033
 },
 "media/panorama_46A7CD69_4CEB_919A_41D2_A14F7D0C420A_0/r/0/1_0.jpg": {
  "size": 6513
 },
 "media/panorama_46A7CD69_4CEB_919A_41D2_A14F7D0C420A_0/u/0/3_0.jpg": {
  "size": 4788
 },
 "media/panorama_46A00908_4CEB_B19A_41A5_754F27F68DEC_0/l/1/1_0.jpg": {
  "size": 14003
 },
 "media/panorama_46BD13BD_4CEB_90FA_419B_13AEF0D9BB29_0/f/2/0_0.jpg": {
  "size": 37994
 },
 "media/panorama_46B11363_4CE8_F18E_41C6_045F50FBAB5E_0/b/1/1_0.jpg": {
  "size": 13095
 },
 "media/panorama_46A1171A_4CE8_91BE_41A8_275FECCCD291_0/d/0/0_3.jpg": {
  "size": 14904
 },
 "media/panorama_46A1171A_4CE8_91BE_41A8_275FECCCD291_0/u/0/2_2.jpg": {
  "size": 10917
 },
 "media/panorama_46B13876_4CE8_B076_41D3_188F02FB1EE2_0/f/0/0_0.jpg": {
  "size": 14792
 },
 "media/panorama_46BD13BD_4CEB_90FA_419B_13AEF0D9BB29_1_HS_2_0.png": {
  "size": 104367
 },
 "media/panorama_46B7B54C_4CE8_719A_41D1_8FC560227669_0/r/1/1_0.jpg": {
  "size": 21106
 },
 "media/panorama_46B7B54C_4CE8_719A_41D1_8FC560227669_0/l/0/1_1.jpg": {
  "size": 28271
 },
 "lib/cursors/NE.cur": {
  "size": 3542
 },
 "media/panorama_46A1171A_4CE8_91BE_41A8_275FECCCD291_1_HS_1_0.png": {
  "size": 104367
 },
 "media/panorama_46BD13BD_4CEB_90FA_419B_13AEF0D9BB29_0/f/0/0_1.jpg": {
  "size": 11887
 },
 "media/panorama_46BD13BD_4CEB_90FA_419B_13AEF0D9BB29_1_HS_6_0.png": {
  "size": 92024
 },
 "media/panorama_46BD13BD_4CEB_90FA_419B_13AEF0D9BB29_0/l/1/0_0.jpg": {
  "size": 26361
 },
 "media/panorama_46A00908_4CEB_B19A_41A5_754F27F68DEC_0/r/1/1_1.jpg": {
  "size": 15509
 },
 "media/panorama_46BD13BD_4CEB_90FA_419B_13AEF0D9BB29_t.jpg": {
  "size": 5202
 },
 "media/panorama_46B5E91B_4CE8_91BE_41D0_29CCAB56D323_0/r/0/0_2.jpg": {
  "size": 22618
 },
 "media/panorama_46A1171A_4CE8_91BE_41A8_275FECCCD291_0/f/0/3_0.jpg": {
  "size": 20301
 },
 "media/panorama_46A7CD69_4CEB_919A_41D2_A14F7D0C420A_0/r/0/0_3.jpg": {
  "size": 10048
 },
 "media/panorama_46B5E91B_4CE8_91BE_41D0_29CCAB56D323_0/b/0/0_2.jpg": {
  "size": 33755
 },
 "media/panorama_46B5E91B_4CE8_91BE_41D0_29CCAB56D323_0/l/0/0_2.jpg": {
  "size": 24322
 },
 "media/panorama_46B13876_4CE8_B076_41D3_188F02FB1EE2_0/l/1/0_0.jpg": {
  "size": 30096
 },
 "media/panorama_46B11363_4CE8_F18E_41C6_045F50FBAB5E_0/u/0/3_1.jpg": {
  "size": 11358
 },
 "media/panorama_46B7B54C_4CE8_719A_41D1_8FC560227669_0/r/0/2_1.jpg": {
  "size": 16490
 },
 "lib/tdvplayer.json": {
  "size": 40
 },
 "media/panorama_46BD13BD_4CEB_90FA_419B_13AEF0D9BB29_0/u/1/1_1.jpg": {
  "size": 16158
 },
 "media/panorama_46BD13BD_4CEB_90FA_419B_13AEF0D9BB29_0/b/1/1_0.jpg": {
  "size": 19111
 },
 "media/panorama_46A00908_4CEB_B19A_41A5_754F27F68DEC_0/d/2/0_0.jpg": {
  "size": 27337
 },
 "media/panorama_46B11363_4CE8_F18E_41C6_045F50FBAB5E_0/l/0/1_2.jpg": {
  "size": 35076
 },
 "media/panorama_46BD13BD_4CEB_90FA_419B_13AEF0D9BB29_0/d/0/2_3.jpg": {
  "size": 7909
 },
 "media/panorama_46A00908_4CEB_B19A_41A5_754F27F68DEC_0/u/0/0_1.jpg": {
  "size": 17503
 },
 "media/panorama_46B13876_4CE8_B076_41D3_188F02FB1EE2_0/d/0/0_3.jpg": {
  "size": 24451
 },
 "media/panorama_46BD13BD_4CEB_90FA_419B_13AEF0D9BB29_0/l/0/1_3.jpg": {
  "size": 28174
 },
 "media/panorama_46B13876_4CE8_B076_41D3_188F02FB1EE2_0/l/0/1_0.jpg": {
  "size": 29863
 },
 "media/panorama_46B13876_4CE8_B076_41D3_188F02FB1EE2_0/f/0/1_0.jpg": {
  "size": 24081
 },
 "media/panorama_46BD13BD_4CEB_90FA_419B_13AEF0D9BB29_0/b/0/2_3.jpg": {
  "size": 13132
 },
 "media/panorama_46B13876_4CE8_B076_41D3_188F02FB1EE2_0/d/0/1_2.jpg": {
  "size": 30568
 },
 "media/panorama_46A1171A_4CE8_91BE_41A8_275FECCCD291_0/d/1/0_0.jpg": {
  "size": 29371
 },
 "media/panorama_46B7B54C_4CE8_719A_41D1_8FC560227669_0/f/1/1_1.jpg": {
  "size": 32409
 },
 "media/panorama_46B7B54C_4CE8_719A_41D1_8FC560227669_0/r/0/1_2.jpg": {
  "size": 29045
 },
 "media/panorama_47CD7BAD_4CEB_F09A_41AA_F04B1A74304E_0/l/0/0_1.jpg": {
  "size": 20534
 },
 "media/panorama_46A00908_4CEB_B19A_41A5_754F27F68DEC_0/l/1/0_0.jpg": {
  "size": 14038
 },
 "media/panorama_46B5E91B_4CE8_91BE_41D0_29CCAB56D323_0/d/0/2_0.jpg": {
  "size": 29931
 },
 "media/panorama_46A00908_4CEB_B19A_41A5_754F27F68DEC_0/d/0/1_1.jpg": {
  "size": 16782
 },
 "media/panorama_46A00908_4CEB_B19A_41A5_754F27F68DEC_0/r/0/2_3.jpg": {
  "size": 11388
 },
 "media/panorama_46B11363_4CE8_F18E_41C6_045F50FBAB5E_0/d/0/1_3.jpg": {
  "size": 24311
 },
 "media/panorama_46B5E91B_4CE8_91BE_41D0_29CCAB56D323_0/d/0/2_1.jpg": {
  "size": 19550
 },
 "media/panorama_46B5E91B_4CE8_91BE_41D0_29CCAB56D323_0/l/0/1_1.jpg": {
  "size": 28970
 },
 "media/panorama_46A1171A_4CE8_91BE_41A8_275FECCCD291_0/u/0/3_0.jpg": {
  "size": 12755
 },
 "media/panorama_46BD13BD_4CEB_90FA_419B_13AEF0D9BB29_1_HS_5_0_0_map.gif": {
  "size": 858
 },
 "media/panorama_46B11363_4CE8_F18E_41C6_045F50FBAB5E_0/d/2/0_0.jpg": {
  "size": 47401
 },
 "media/panorama_46B7B54C_4CE8_719A_41D1_8FC560227669_0/d/0/2_3.jpg": {
  "size": 25981
 },
 "media/panorama_46B11363_4CE8_F18E_41C6_045F50FBAB5E_0/u/0/1_0.jpg": {
  "size": 3731
 },
 "media/panorama_46B11363_4CE8_F18E_41C6_045F50FBAB5E_0/f/0/0_0.jpg": {
  "size": 15035
 },
 "index.htm": {
  "size": 14790
 },
 "media/panorama_46A1171A_4CE8_91BE_41A8_275FECCCD291_0/r/0/3_1.jpg": {
  "size": 9290
 },
 "media/panorama_46B7B54C_4CE8_719A_41D1_8FC560227669_0/b/0/2_1.jpg": {
  "size": 27183
 },
 "media/panorama_46A00908_4CEB_B19A_41A5_754F27F68DEC_0/b/0/3_0.jpg": {
  "size": 16529
 },
 "media/panorama_46B13876_4CE8_B076_41D3_188F02FB1EE2_0/d/0/2_2.jpg": {
  "size": 18143
 },
 "media/panorama_46A1171A_4CE8_91BE_41A8_275FECCCD291_0/b/0/0_1.jpg": {
  "size": 14473
 },
 "media/panorama_46B11363_4CE8_F18E_41C6_045F50FBAB5E_0/b/0/0_1.jpg": {
  "size": 10575
 },
 "media/panorama_46A1171A_4CE8_91BE_41A8_275FECCCD291_0/l/0/0_2.jpg": {
  "size": 16275
 },
 "media/panorama_46B13876_4CE8_B076_41D3_188F02FB1EE2_0/d/0/3_2.jpg": {
  "size": 12674
 },
 "media/panorama_46A7CD69_4CEB_919A_41D2_A14F7D0C420A_0/d/0/3_0.jpg": {
  "size": 14827
 },
 "media/panorama_46B7B54C_4CE8_719A_41D1_8FC560227669_0/l/0/3_3.jpg": {
  "size": 15621
 },
 "media/panorama_46B11363_4CE8_F18E_41C6_045F50FBAB5E_0/l/1/1_0.jpg": {
  "size": 22678
 },
 "media/panorama_46A00908_4CEB_B19A_41A5_754F27F68DEC_0/f/0/3_0.jpg": {
  "size": 9805
 },
 "media/panorama_46BD13BD_4CEB_90FA_419B_13AEF0D9BB29_0/f/0/3_2.jpg": {
  "size": 11419
 },
 "media/panorama_46A00908_4CEB_B19A_41A5_754F27F68DEC_0/l/0/3_0.jpg": {
  "size": 8652
 },
 "media/panorama_46A00908_4CEB_B19A_41A5_754F27F68DEC_0/u/1/1_1.jpg": {
  "size": 7781
 },
 "media/panorama_46B11363_4CE8_F18E_41C6_045F50FBAB5E_0/u/2/0_0.jpg": {
  "size": 10638
 },
 "media/panorama_46BD13BD_4CEB_90FA_419B_13AEF0D9BB29_0/r/0/2_3.jpg": {
  "size": 30199
 },
 "media/panorama_46A7CD69_4CEB_919A_41D2_A14F7D0C420A_0/f/1/1_0.jpg": {
  "size": 22220
 },
 "media/panorama_47CD7BAD_4CEB_F09A_41AA_F04B1A74304E_0/f/0/1_0.jpg": {
  "size": 30632
 },
 "media/panorama_46A00908_4CEB_B19A_41A5_754F27F68DEC_0/f/1/0_0.jpg": {
  "size": 14295
 },
 "media/panorama_46A1171A_4CE8_91BE_41A8_275FECCCD291_0/l/0/3_0.jpg": {
  "size": 14643
 },
 "media/panorama_46BD13BD_4CEB_90FA_419B_13AEF0D9BB29_0/f/1/1_0.jpg": {
  "size": 32992
 },
 "media/panorama_46B7B54C_4CE8_719A_41D1_8FC560227669_0/l/0/0_2.jpg": {
  "size": 10937
 },
 "media/panorama_46B5E91B_4CE8_91BE_41D0_29CCAB56D323_0/d/1/0_1.jpg": {
  "size": 35057
 },
 "media/panorama_46B11363_4CE8_F18E_41C6_045F50FBAB5E_0/r/0/3_0.jpg": {
  "size": 11833
 },
 "media/panorama_46BD13BD_4CEB_90FA_419B_13AEF0D9BB29_0/b/0/2_0.jpg": {
  "size": 20359
 },
 "media/panorama_46A7CD69_4CEB_919A_41D2_A14F7D0C420A_0/f/0/0_3.jpg": {
  "size": 26533
 },
 "media/panorama_46A00908_4CEB_B19A_41A5_754F27F68DEC_0/f/0/1_1.jpg": {
  "size": 12298
 },
 "media/panorama_46B13876_4CE8_B076_41D3_188F02FB1EE2_0/b/2/0_0.jpg": {
  "size": 35915
 },
 "media/panorama_46A1171A_4CE8_91BE_41A8_275FECCCD291_0/u/0/3_2.jpg": {
  "size": 7487
 },
 "media/panorama_46B7B54C_4CE8_719A_41D1_8FC560227669_0/r/0/0_0.jpg": {
  "size": 16762
 },
 "media/panorama_46A1171A_4CE8_91BE_41A8_275FECCCD291_0/u/0/0_0.jpg": {
  "size": 14353
 },
 "media/panorama_46BD13BD_4CEB_90FA_419B_13AEF0D9BB29_0/u/0/3_1.jpg": {
  "size": 8336
 },
 "media/panorama_46A7CD69_4CEB_919A_41D2_A14F7D0C420A_0/u/0/3_1.jpg": {
  "size": 4318
 },
 "media/panorama_46A00908_4CEB_B19A_41A5_754F27F68DEC_0/u/0/1_2.jpg": {
  "size": 15570
 },
 "media/panorama_46B11363_4CE8_F18E_41C6_045F50FBAB5E_0/d/0/3_3.jpg": {
  "size": 10323
 },
 "media/panorama_46BD13BD_4CEB_90FA_419B_13AEF0D9BB29_0/l/0/0_1.jpg": {
  "size": 31466
 },
 "media/panorama_46B11363_4CE8_F18E_41C6_045F50FBAB5E_0/f/1/0_0.jpg": {
  "size": 19926
 },
 "media/panorama_46A7CD69_4CEB_919A_41D2_A14F7D0C420A_0/l/0/3_2.jpg": {
  "size": 17059
 },
 "media/panorama_46A1171A_4CE8_91BE_41A8_275FECCCD291_0/l/0/2_2.jpg": {
  "size": 28996
 },
 "media/panorama_46A1171A_4CE8_91BE_41A8_275FECCCD291_0/l/0/3_1.jpg": {
  "size": 15588
 },
 "media/panorama_46B13876_4CE8_B076_41D3_188F02FB1EE2_0/r/0/1_0.jpg": {
  "size": 24111
 },
 "media/panorama_46A7CD69_4CEB_919A_41D2_A14F7D0C420A_0/b/0/3_2.jpg": {
  "size": 13299
 },
 "media/panorama_46B5E91B_4CE8_91BE_41D0_29CCAB56D323_0/r/0/2_1.jpg": {
  "size": 27352
 },
 "media/panorama_46B13876_4CE8_B076_41D3_188F02FB1EE2_0/u/1/1_0.jpg": {
  "size": 7249
 },
 "media/panorama_46A1171A_4CE8_91BE_41A8_275FECCCD291_0/l/0/2_0.jpg": {
  "size": 28601
 },
 "media/panorama_47CD7BAD_4CEB_F09A_41AA_F04B1A74304E_0/b/0/1_0.jpg": {
  "size": 28777
 },
 "media/panorama_46A7CD69_4CEB_919A_41D2_A14F7D0C420A_0/r/0/2_0.jpg": {
  "size": 7396
 },
 "media/panorama_46B11363_4CE8_F18E_41C6_045F50FBAB5E_0/u/1/0_1.jpg": {
  "size": 4497
 },
 "media/panorama_46A1171A_4CE8_91BE_41A8_275FECCCD291_0/f/0/2_2.jpg": {
  "size": 32528
 },
 "media/panorama_46B13876_4CE8_B076_41D3_188F02FB1EE2_0/r/0/3_1.jpg": {
  "size": 15934
 },
 "media/panorama_46B5E91B_4CE8_91BE_41D0_29CCAB56D323_0/r/1/1_1.jpg": {
  "size": 25549
 },
 "media/panorama_46B7B54C_4CE8_719A_41D1_8FC560227669_0/f/0/3_0.jpg": {
  "size": 16673
 },
 "media/panorama_46BD13BD_4CEB_90FA_419B_13AEF0D9BB29_0/l/0/2_3.jpg": {
  "size": 22503
 },
 "media/panorama_46B13876_4CE8_B076_41D3_188F02FB1EE2_0/f/1/1_0.jpg": {
  "size": 32854
 },
 "media/panorama_46B11363_4CE8_F18E_41C6_045F50FBAB5E_0/l/0/3_2.jpg": {
  "size": 20462
 },
 "media/panorama_46A7CD69_4CEB_919A_41D2_A14F7D0C420A_0/u/0/0_3.jpg": {
  "size": 27826
 },
 "media/panorama_46B7B54C_4CE8_719A_41D1_8FC560227669_0/b/0/1_0.jpg": {
  "size": 33041
 },
 "media/panorama_46B5E91B_4CE8_91BE_41D0_29CCAB56D323_0/b/1/0_1.jpg": {
  "size": 31448
 },
 "media/panorama_46B13876_4CE8_B076_41D3_188F02FB1EE2_0/b/0/3_2.jpg": {
  "size": 26383
 },
 "media/panorama_46A1171A_4CE8_91BE_41A8_275FECCCD291_0/d/0/2_0.jpg": {
  "size": 11975
 },
 "media/panorama_46B11363_4CE8_F18E_41C6_045F50FBAB5E_1_HS_0_0_0_map.gif": {
  "size": 858
 },
 "media/panorama_46A7CD69_4CEB_919A_41D2_A14F7D0C420A_0/d/1/1_0.jpg": {
  "size": 32033
 },
 "media/panorama_46A00908_4CEB_B19A_41A5_754F27F68DEC_0/l/0/0_2.jpg": {
  "size": 10773
 },
 "media/panorama_46BD13BD_4CEB_90FA_419B_13AEF0D9BB29_1_HS_1_0_0_map.gif": {
  "size": 879
 },
 "media/panorama_46BD13BD_4CEB_90FA_419B_13AEF0D9BB29_0/b/0/0_2.jpg": {
  "size": 7853
 },
 "media/panorama_46A00908_4CEB_B19A_41A5_754F27F68DEC_0/f/0/0_0.jpg": {
  "size": 4960
 },
 "media/panorama_46B11363_4CE8_F18E_41C6_045F50FBAB5E_0/b/1/0_1.jpg": {
  "size": 7564
 },
 "media/panorama_46B7B54C_4CE8_719A_41D1_8FC560227669_0/u/0/3_1.jpg": {
  "size": 22925
 },
 "media/panorama_46B7B54C_4CE8_719A_41D1_8FC560227669_0/u/1/0_0.jpg": {
  "size": 26523
 },
 "media/panorama_46A00908_4CEB_B19A_41A5_754F27F68DEC_0/b/0/0_2.jpg": {
  "size": 8774
 },
 "media/panorama_46BD13BD_4CEB_90FA_419B_13AEF0D9BB29_0/u/0/1_1.jpg": {
  "size": 9137
 },
 "media/panorama_46A00908_4CEB_B19A_41A5_754F27F68DEC_0/r/0/0_0.jpg": {
  "size": 2823
 },
 "media/panorama_46BD13BD_4CEB_90FA_419B_13AEF0D9BB29_0/r/0/0_2.jpg": {
  "size": 18289
 },
 "media/panorama_46A00908_4CEB_B19A_41A5_754F27F68DEC_0/b/0/2_1.jpg": {
  "size": 18928
 },
 "media/panorama_46B11363_4CE8_F18E_41C6_045F50FBAB5E_0/r/0/2_0.jpg": {
  "size": 17496
 },
 "media/panorama_46B7B54C_4CE8_719A_41D1_8FC560227669_0/u/0/1_3.jpg": {
  "size": 10101
 },
 "media/panorama_46B7B54C_4CE8_719A_41D1_8FC560227669_0/u/0/2_1.jpg": {
  "size": 20089
 },
 "media/panorama_46B13876_4CE8_B076_41D3_188F02FB1EE2_0/d/0/1_0.jpg": {
  "size": 42988
 },
 "media/panorama_46B13876_4CE8_B076_41D3_188F02FB1EE2_0/u/1/0_0.jpg": {
  "size": 14029
 },
 "media/panorama_46BD13BD_4CEB_90FA_419B_13AEF0D9BB29_0/l/0/3_1.jpg": {
  "size": 16443
 },
 "media/panorama_46A1171A_4CE8_91BE_41A8_275FECCCD291_0/u/0/0_2.jpg": {
  "size": 2807
 },
 "media/panorama_46BD13BD_4CEB_90FA_419B_13AEF0D9BB29_0/d/1/1_0.jpg": {
  "size": 23393
 },
 "media/panorama_46B13876_4CE8_B076_41D3_188F02FB1EE2_0/b/0/1_0.jpg": {
  "size": 20991
 },
 "media/panorama_46B11363_4CE8_F18E_41C6_045F50FBAB5E_0/f/0/3_1.jpg": {
  "size": 34310
 },
 "media/panorama_46A7CD69_4CEB_919A_41D2_A14F7D0C420A_0/u/0/2_2.jpg": {
  "size": 23787
 },
 "media/panorama_46B5E91B_4CE8_91BE_41D0_29CCAB56D323_0/b/1/0_0.jpg": {
  "size": 19155
 },
 "media/panorama_46A1171A_4CE8_91BE_41A8_275FECCCD291_0/r/1/0_0.jpg": {
  "size": 9385
 },
 "media/panorama_46A1171A_4CE8_91BE_41A8_275FECCCD291_0/f/0/0_3.jpg": {
  "size": 12161
 },
 "media/panorama_46A7CD69_4CEB_919A_41D2_A14F7D0C420A_0/l/0/1_0.jpg": {
  "size": 13585
 },
 "media/panorama_46A1171A_4CE8_91BE_41A8_275FECCCD291_0/r/0/1_1.jpg": {
  "size": 8556
 },
 "media/panorama_46B5E91B_4CE8_91BE_41D0_29CCAB56D323_0/u/0/0_2.jpg": {
  "size": 13522
 },
 "media/panorama_46BD13BD_4CEB_90FA_419B_13AEF0D9BB29_1_HS_2_0_0_map.gif": {
  "size": 879
 },
 "media/panorama_46A1171A_4CE8_91BE_41A8_275FECCCD291_0/b/1/0_1.jpg": {
  "size": 30316
 },
 "media/panorama_47CD7BAD_4CEB_F09A_41AA_F04B1A74304E_t.jpg": {
  "size": 4998
 },
 "media/panorama_46A7CD69_4CEB_919A_41D2_A14F7D0C420A_0/f/0/2_2.jpg": {
  "size": 17092
 },
 "lib/cursors/FE.cur": {
  "size": 4526
 },
 "media/panorama_46B7B54C_4CE8_719A_41D1_8FC560227669_1_HS_3_0.png": {
  "size": 30824
 },
 "media/panorama_46A00908_4CEB_B19A_41A5_754F27F68DEC_0/b/1/1_0.jpg": {
  "size": 23147
 },
 "media/panorama_46B5E91B_4CE8_91BE_41D0_29CCAB56D323_0/f/0/2_2.jpg": {
  "size": 27335
 },
 "media/panorama_46B11363_4CE8_F18E_41C6_045F50FBAB5E_0/r/0/1_2.jpg": {
  "size": 6220
 },
 "media/panorama_46A00908_4CEB_B19A_41A5_754F27F68DEC_0/u/0/1_3.jpg": {
  "size": 5177
 },
 "media/panorama_46B11363_4CE8_F18E_41C6_045F50FBAB5E_0/r/0/3_3.jpg": {
  "size": 7671
 },
 "media/panorama_46B11363_4CE8_F18E_41C6_045F50FBAB5E_0/b/0/0_3.jpg": {
  "size": 3569
 },
 "media/panorama_46B11363_4CE8_F18E_41C6_045F50FBAB5E_0/d/0/1_2.jpg": {
  "size": 36720
 },
 "lib/cursors/FNW.cur": {
  "size": 4526
 },
 "media/panorama_46A00908_4CEB_B19A_41A5_754F27F68DEC_0/u/0/3_0.jpg": {
  "size": 3202
 },
 "media/panorama_46A1171A_4CE8_91BE_41A8_275FECCCD291_0/u/1/0_0.jpg": {
  "size": 11596
 },
 "media/panorama_46BD13BD_4CEB_90FA_419B_13AEF0D9BB29_0/f/0/2_3.jpg": {
  "size": 27238
 },
 "media/panorama_46BD13BD_4CEB_90FA_419B_13AEF0D9BB29_0/u/0/2_3.jpg": {
  "size": 23887
 },
 "media/panorama_46A1171A_4CE8_91BE_41A8_275FECCCD291_0/u/0/1_1.jpg": {
  "size": 4689
 },
 "media/panorama_46B5E91B_4CE8_91BE_41D0_29CCAB56D323_0/b/2/0_0.jpg": {
  "size": 30112
 },
 "media/panorama_46B5E91B_4CE8_91BE_41D0_29CCAB56D323_0/r/1/0_0.jpg": {
  "size": 32528
 },
 "media/panorama_46A1171A_4CE8_91BE_41A8_275FECCCD291_0/d/1/1_1.jpg": {
  "size": 15221
 },
 "media/panorama_46BD13BD_4CEB_90FA_419B_13AEF0D9BB29_0/b/1/0_1.jpg": {
  "size": 15078
 },
 "media/panorama_46B11363_4CE8_F18E_41C6_045F50FBAB5E_0/u/0/2_1.jpg": {
  "size": 4992
 },
 "media/panorama_46B5E91B_4CE8_91BE_41D0_29CCAB56D323_0/d/0/0_1.jpg": {
  "size": 27962
 },
 "media/panorama_46BD13BD_4CEB_90FA_419B_13AEF0D9BB29_0/b/0/2_1.jpg": {
  "size": 8359
 },
 "media/panorama_46A1171A_4CE8_91BE_41A8_275FECCCD291_0/f/0/1_3.jpg": {
  "size": 16353
 },
 "media/panorama_46B13876_4CE8_B076_41D3_188F02FB1EE2_0/r/0/0_1.jpg": {
  "size": 12470
 },
 "media/panorama_46B13876_4CE8_B076_41D3_188F02FB1EE2_0/r/0/3_2.jpg": {
  "size": 13701
 },
 "media/panorama_46A7CD69_4CEB_919A_41D2_A14F7D0C420A_t.jpg": {
  "size": 4825
 },
 "media/panorama_46B13876_4CE8_B076_41D3_188F02FB1EE2_0/u/0/0_2.jpg": {
  "size": 7930
 },
 "media/panorama_46BD13BD_4CEB_90FA_419B_13AEF0D9BB29_0/d/0/1_1.jpg": {
  "size": 28362
 },
 "media/panorama_46B7B54C_4CE8_719A_41D1_8FC560227669_0/f/0/2_1.jpg": {
  "size": 35847
 },
 "media/panorama_46A1171A_4CE8_91BE_41A8_275FECCCD291_0/d/0/0_0.jpg": {
  "size": 22472
 },
 "media/panorama_46A1171A_4CE8_91BE_41A8_275FECCCD291_0/r/0/1_3.jpg": {
  "size": 27478
 },
 "media/panorama_46B11363_4CE8_F18E_41C6_045F50FBAB5E_0/d/0/0_0.jpg": {
  "size": 48824
 },
 "media/panorama_46B11363_4CE8_F18E_41C6_045F50FBAB5E_0/r/0/0_0.jpg": {
  "size": 14023
 },
 "media/panorama_46B13876_4CE8_B076_41D3_188F02FB1EE2_0/b/0/2_1.jpg": {
  "size": 25702
 },
 "media/panorama_46A1171A_4CE8_91BE_41A8_275FECCCD291_0/d/0/3_0.jpg": {
  "size": 14218
 },
 "media/panorama_46A7CD69_4CEB_919A_41D2_A14F7D0C420A_0/b/0/1_2.jpg": {
  "size": 8284
 },
 "media/panorama_46BD13BD_4CEB_90FA_419B_13AEF0D9BB29_0/l/2/0_0.jpg": {
  "size": 34919
 },
 "media/panorama_46A7CD69_4CEB_919A_41D2_A14F7D0C420A_0/f/0/3_1.jpg": {
  "size": 13726
 },
 "media/panorama_46B7B54C_4CE8_719A_41D1_8FC560227669_0/b/0/3_2.jpg": {
  "size": 21191
 },
 "media/panorama_46B7B54C_4CE8_719A_41D1_8FC560227669_0/u/0/0_3.jpg": {
  "size": 9003
 },
 "media/panorama_46A7CD69_4CEB_919A_41D2_A14F7D0C420A_0/l/1/1_0.jpg": {
  "size": 21381
 },
 "media/panorama_46A00908_4CEB_B19A_41A5_754F27F68DEC_0/f/1/1_1.jpg": {
  "size": 11975
 },
 "media/panorama_46BD13BD_4CEB_90FA_419B_13AEF0D9BB29_0/d/0/3_2.jpg": {
  "size": 12696
 },
 "media/panorama_46A7CD69_4CEB_919A_41D2_A14F7D0C420A_0/f/0/2_3.jpg": {
  "size": 25000
 },
 "media/panorama_46A00908_4CEB_B19A_41A5_754F27F68DEC_0/d/0/0_3.jpg": {
  "size": 14306
 },
 "media/panorama_46A00908_4CEB_B19A_41A5_754F27F68DEC_0/d/0/0_2.jpg": {
  "size": 19299
 },
 "media/panorama_46B5E91B_4CE8_91BE_41D0_29CCAB56D323_0/l/1/1_0.jpg": {
  "size": 30916
 },
 "media/panorama_46B11363_4CE8_F18E_41C6_045F50FBAB5E_0/u/0/2_2.jpg": {
  "size": 2287
 },
 "media/panorama_46B7B54C_4CE8_719A_41D1_8FC560227669_0/r/0/2_3.jpg": {
  "size": 16548
 },
 "media/panorama_47CD7BAD_4CEB_F09A_41AA_F04B1A74304E_0/l/1/0_0.jpg": {
  "size": 25401
 },
 "media/panorama_46B13876_4CE8_B076_41D3_188F02FB1EE2_0/f/0/2_2.jpg": {
  "size": 24829
 },
 "media/panorama_46B13876_4CE8_B076_41D3_188F02FB1EE2_0/d/1/1_0.jpg": {
  "size": 26287
 },
 "media/panorama_46B11363_4CE8_F18E_41C6_045F50FBAB5E_0/b/0/3_3.jpg": {
  "size": 17824
 },
 "media/panorama_46A00908_4CEB_B19A_41A5_754F27F68DEC_0/b/2/0_0.jpg": {
  "size": 28521
 },
 "media/panorama_46B5E91B_4CE8_91BE_41D0_29CCAB56D323_0/u/0/1_2.jpg": {
  "size": 27875
 },
 "media/panorama_46B5E91B_4CE8_91BE_41D0_29CCAB56D323_0/r/0/2_0.jpg": {
  "size": 24766
 },
 "media/panorama_46B11363_4CE8_F18E_41C6_045F50FBAB5E_0/b/0/0_2.jpg": {
  "size": 4762
 },
 "media/panorama_46A00908_4CEB_B19A_41A5_754F27F68DEC_1_HS_0_0_0_map.gif": {
  "size": 858
 },
 "media/panorama_46B13876_4CE8_B076_41D3_188F02FB1EE2_t.jpg": {
  "size": 4537
 },
 "media/panorama_46B13876_4CE8_B076_41D3_188F02FB1EE2_0/r/0/1_2.jpg": {
  "size": 18428
 },
 "media/panorama_46B7B54C_4CE8_719A_41D1_8FC560227669_0/r/0/3_1.jpg": {
  "size": 13822
 },
 "media/panorama_46B13876_4CE8_B076_41D3_188F02FB1EE2_0/l/0/1_2.jpg": {
  "size": 24678
 },
 "media/panorama_46A7CD69_4CEB_919A_41D2_A14F7D0C420A_0/b/0/0_2.jpg": {
  "size": 9536
 },
 "media/panorama_46B13876_4CE8_B076_41D3_188F02FB1EE2_0/b/0/0_3.jpg": {
  "size": 28866
 },
 "media/panorama_46A00908_4CEB_B19A_41A5_754F27F68DEC_0/d/1/0_1.jpg": {
  "size": 23988
 },
 "media/panorama_46B11363_4CE8_F18E_41C6_045F50FBAB5E_0/l/0/2_0.jpg": {
  "size": 13980
 },
 "media/panorama_46B13876_4CE8_B076_41D3_188F02FB1EE2_0/l/0/3_0.jpg": {
  "size": 19736
 },
 "media/panorama_46A00908_4CEB_B19A_41A5_754F27F68DEC_0/b/0/3_1.jpg": {
  "size": 9820
 },
 "media/panorama_46BD13BD_4CEB_90FA_419B_13AEF0D9BB29_0/f/0/2_2.jpg": {
  "size": 23857
 },
 "media/panorama_46B13876_4CE8_B076_41D3_188F02FB1EE2_0/b/0/2_0.jpg": {
  "size": 20576
 },
 "media/panorama_46B11363_4CE8_F18E_41C6_045F50FBAB5E_0/l/1/0_1.jpg": {
  "size": 20951
 },
 "media/panorama_46BD13BD_4CEB_90FA_419B_13AEF0D9BB29_1_HS_5_0.png": {
  "size": 82821
 },
 "media/panorama_46BD13BD_4CEB_90FA_419B_13AEF0D9BB29_0/b/0/3_2.jpg": {
  "size": 21249
 },
 "media/panorama_46A1171A_4CE8_91BE_41A8_275FECCCD291_0/r/0/3_0.jpg": {
  "size": 9082
 },
 "media/panorama_46A00908_4CEB_B19A_41A5_754F27F68DEC_0/r/0/1_2.jpg": {
  "size": 7557
 },
 "media/panorama_46BD13BD_4CEB_90FA_419B_13AEF0D9BB29_1_HS_0_0.png": {
  "size": 104367
 },
 "media/panorama_46BD13BD_4CEB_90FA_419B_13AEF0D9BB29_0/l/0/2_1.jpg": {
  "size": 21889
 },
 "media/panorama_46B7B54C_4CE8_719A_41D1_8FC560227669_0/l/0/3_0.jpg": {
  "size": 21217
 },
 "media/panorama_46B7B54C_4CE8_719A_41D1_8FC560227669_0/u/0/0_0.jpg": {
  "size": 30567
 },
 "media/panorama_46A7CD69_4CEB_919A_41D2_A14F7D0C420A_0/d/0/2_2.jpg": {
  "size": 44290
 },
 "media/panorama_46A00908_4CEB_B19A_41A5_754F27F68DEC_0/l/0/1_1.jpg": {
  "size": 7828
 },
 "media/panorama_47CD7BAD_4CEB_F09A_41AA_F04B1A74304E_0/b/1/0_0.jpg": {
  "size": 40849
 },
 "media/panorama_46B13876_4CE8_B076_41D3_188F02FB1EE2_0/l/2/0_0.jpg": {
  "size": 31191
 },
 "media/panorama_46A00908_4CEB_B19A_41A5_754F27F68DEC_0/r/0/2_0.jpg": {
  "size": 6634
 },
 "lib/cursors/SE.cur": {
  "size": 3542
 },
 "media/panorama_47CD7BAD_4CEB_F09A_41AA_F04B1A74304E_0/d/0/1_0.jpg": {
  "size": 22858
 },
 "media/panorama_46BD13BD_4CEB_90FA_419B_13AEF0D9BB29_0/d/0/0_3.jpg": {
  "size": 9680
 },
 "media/panorama_46BD13BD_4CEB_90FA_419B_13AEF0D9BB29_0/u/0/0_1.jpg": {
  "size": 9798
 },
 "lib/cursors/FSW.cur": {
  "size": 4526
 },
 "media/panorama_46BD13BD_4CEB_90FA_419B_13AEF0D9BB29_0/l/0/3_2.jpg": {
  "size": 25152
 },
 "media/panorama_46BD13BD_4CEB_90FA_419B_13AEF0D9BB29_0/d/0/1_3.jpg": {
  "size": 7345
 },
 "media/panorama_46B7B54C_4CE8_719A_41D1_8FC560227669_0/f/1/1_0.jpg": {
  "size": 36275
 },
 "media/panorama_46A00908_4CEB_B19A_41A5_754F27F68DEC_0/b/0/1_0.jpg": {
  "size": 16811
 },
 "media/panorama_46B7B54C_4CE8_719A_41D1_8FC560227669_0/r/0/0_3.jpg": {
  "size": 17864
 },
 "media/panorama_46A7CD69_4CEB_919A_41D2_A14F7D0C420A_0/l/0/2_0.jpg": {
  "size": 12547
 },
 "media/panorama_46A00908_4CEB_B19A_41A5_754F27F68DEC_0/f/0/1_3.jpg": {
  "size": 2323
 },
 "media/panorama_46A1171A_4CE8_91BE_41A8_275FECCCD291_1_HS_0_0_0_map.gif": {
  "size": 879
 },
 "media/panorama_46B5E91B_4CE8_91BE_41D0_29CCAB56D323_0/l/0/2_2.jpg": {
  "size": 23628
 },
 "media/panorama_46B5E91B_4CE8_91BE_41D0_29CCAB56D323_0/f/0/1_1.jpg": {
  "size": 35380
 },
 "media/panorama_46B7B54C_4CE8_719A_41D1_8FC560227669_1_HS_2_0_0_map.gif": {
  "size": 858
 },
 "media/panorama_46A1171A_4CE8_91BE_41A8_275FECCCD291_0/l/0/0_1.jpg": {
  "size": 16440
 },
 "media/panorama_46B7B54C_4CE8_719A_41D1_8FC560227669_0/r/1/0_1.jpg": {
  "size": 21934
 },
 "media/panorama_46B11363_4CE8_F18E_41C6_045F50FBAB5E_0/r/2/0_0.jpg": {
  "size": 24377
 },
 "media/panorama_46B11363_4CE8_F18E_41C6_045F50FBAB5E_0/r/0/0_1.jpg": {
  "size": 8519
 },
 "media/panorama_46B11363_4CE8_F18E_41C6_045F50FBAB5E_0/l/0/1_1.jpg": {
  "size": 21657
 },
 "media/panorama_46BD13BD_4CEB_90FA_419B_13AEF0D9BB29_0/l/1/0_1.jpg": {
  "size": 36332
 },
 "media/panorama_46B13876_4CE8_B076_41D3_188F02FB1EE2_0/d/0/2_1.jpg": {
  "size": 28085
 },
 "media/panorama_46BD13BD_4CEB_90FA_419B_13AEF0D9BB29_0/r/0/1_0.jpg": {
  "size": 23719
 },
 "media/panorama_46B5E91B_4CE8_91BE_41D0_29CCAB56D323_0/r/0/2_2.jpg": {
  "size": 19987
 },
 "media/panorama_46A7CD69_4CEB_919A_41D2_A14F7D0C420A_0/l/0/2_2.jpg": {
  "size": 10331
 },
 "media/panorama_46B13876_4CE8_B076_41D3_188F02FB1EE2_0/d/0/3_1.jpg": {
  "size": 22788
 },
 "media/panorama_46B13876_4CE8_B076_41D3_188F02FB1EE2_1_HS_0_0_0_map.gif": {
  "size": 879
 },
 "media/panorama_46A00908_4CEB_B19A_41A5_754F27F68DEC_0/l/0/2_3.jpg": {
  "size": 8491
 },
 "media/panorama_46B7B54C_4CE8_719A_41D1_8FC560227669_0/l/1/0_1.jpg": {
  "size": 17179
 },
 "media/panorama_46B7B54C_4CE8_719A_41D1_8FC560227669_0/f/1/0_0.jpg": {
  "size": 37897
 },
 "media/panorama_46A1171A_4CE8_91BE_41A8_275FECCCD291_0/d/0/0_2.jpg": {
  "size": 22369
 },
 "media/panorama_46A7CD69_4CEB_919A_41D2_A14F7D0C420A_0/d/0/0_0.jpg": {
  "size": 29598
 },
 "media/panorama_46B13876_4CE8_B076_41D3_188F02FB1EE2_0/f/0/1_1.jpg": {
  "size": 22792
 },
 "media/panorama_46A1171A_4CE8_91BE_41A8_275FECCCD291_0/b/0/2_2.jpg": {
  "size": 29636
 },
 "media/panorama_46A1171A_4CE8_91BE_41A8_275FECCCD291_0/u/0/1_3.jpg": {
  "size": 10744
 },
 "media/panorama_46A7CD69_4CEB_919A_41D2_A14F7D0C420A_0/f/0/0_0.jpg": {
  "size": 7167
 },
 "media/panorama_46B13876_4CE8_B076_41D3_188F02FB1EE2_0/u/0/2_0.jpg": {
  "size": 7900
 },
 "media/panorama_46B11363_4CE8_F18E_41C6_045F50FBAB5E_0/u/0/3_3.jpg": {
  "size": 3648
 },
 "media/panorama_46B7B54C_4CE8_719A_41D1_8FC560227669_0/d/1/1_1.jpg": {
  "size": 25509
 },
 "media/panorama_46B7B54C_4CE8_719A_41D1_8FC560227669_0/b/1/1_0.jpg": {
  "size": 28601
 },
 "media/panorama_46A00908_4CEB_B19A_41A5_754F27F68DEC_t.jpg": {
  "size": 4110
 },
 "media/panorama_46A7CD69_4CEB_919A_41D2_A14F7D0C420A_0/f/0/2_1.jpg": {
  "size": 21211
 },
 "media/panorama_46BD13BD_4CEB_90FA_419B_13AEF0D9BB29_0/d/1/0_1.jpg": {
  "size": 10137
 },
 "media/panorama_46B11363_4CE8_F18E_41C6_045F50FBAB5E_0/f/0/1_0.jpg": {
  "size": 20053
 },
 "media/panorama_46A7CD69_4CEB_919A_41D2_A14F7D0C420A_0/d/0/1_0.jpg": {
  "size": 13047
 },
 "media/panorama_46A7CD69_4CEB_919A_41D2_A14F7D0C420A_0/d/0/0_1.jpg": {
  "size": 35344
 },
 "media/panorama_46BD13BD_4CEB_90FA_419B_13AEF0D9BB29_0/r/0/1_2.jpg": {
  "size": 20123
 },
 "media/panorama_46B7B54C_4CE8_719A_41D1_8FC560227669_0/d/1/0_1.jpg": {
  "size": 21360
 },
 "media/panorama_46BD13BD_4CEB_90FA_419B_13AEF0D9BB29_0/r/0/2_2.jpg": {
  "size": 27053
 },
 "media/panorama_46B7B54C_4CE8_719A_41D1_8FC560227669_0/l/0/1_0.jpg": {
  "size": 26083
 },
 "media/panorama_46A1171A_4CE8_91BE_41A8_275FECCCD291_0/u/0/2_3.jpg": {
  "size": 11219
 },
 "media/panorama_46B13876_4CE8_B076_41D3_188F02FB1EE2_0/l/0/0_1.jpg": {
  "size": 19257
 },
 "media/panorama_46B11363_4CE8_F18E_41C6_045F50FBAB5E_0/u/0/0_0.jpg": {
  "size": 5089
 },
 "media/panorama_46B11363_4CE8_F18E_41C6_045F50FBAB5E_0/r/0/0_3.jpg": {
  "size": 2822
 },
 "media/panorama_46B11363_4CE8_F18E_41C6_045F50FBAB5E_0/u/0/0_3.jpg": {
  "size": 2360
 },
 "media/panorama_46A1171A_4CE8_91BE_41A8_275FECCCD291_0/f/0/0_2.jpg": {
  "size": 12469
 },
 "media/panorama_46B11363_4CE8_F18E_41C6_045F50FBAB5E_0/l/0/3_1.jpg": {
  "size": 15330
 },
 "media/panorama_46A00908_4CEB_B19A_41A5_754F27F68DEC_0/r/0/0_3.jpg": {
  "size": 5945
 },
 "media/panorama_46B7B54C_4CE8_719A_41D1_8FC560227669_0/f/0/0_1.jpg": {
  "size": 35487
 },
 "media/panorama_46B7B54C_4CE8_719A_41D1_8FC560227669_0/u/2/0_0.jpg": {
  "size": 16404
 },
 "media/panorama_46A00908_4CEB_B19A_41A5_754F27F68DEC_0/r/0/3_3.jpg": {
  "size": 9120
 },
 "media/panorama_46BD13BD_4CEB_90FA_419B_13AEF0D9BB29_0/d/0/3_3.jpg": {
  "size": 24681
 },
 "media/panorama_46A7CD69_4CEB_919A_41D2_A14F7D0C420A_0/u/1/1_1.jpg": {
  "size": 31533
 },
 "media/panorama_46A1171A_4CE8_91BE_41A8_275FECCCD291_0/r/0/3_2.jpg": {
  "size": 10528
 },
 "media/panorama_46B13876_4CE8_B076_41D3_188F02FB1EE2_0/l/0/2_3.jpg": {
  "size": 27951
 },
 "media/panorama_47CD7BAD_4CEB_F09A_41AA_F04B1A74304E_0/u/0/0_1.jpg": {
  "size": 19768
 },
 "media/panorama_46A00908_4CEB_B19A_41A5_754F27F68DEC_0/u/0/2_0.jpg": {
  "size": 6279
 },
 "media/panorama_46B5E91B_4CE8_91BE_41D0_29CCAB56D323_0/r/1/1_0.jpg": {
  "size": 30700
 },
 "media/panorama_46B7B54C_4CE8_719A_41D1_8FC560227669_0/d/1/0_0.jpg": {
  "size": 19913
 },
 "media/panorama_46A1171A_4CE8_91BE_41A8_275FECCCD291_0/f/0/3_3.jpg": {
  "size": 12632
 },
 "media/panorama_46B7B54C_4CE8_719A_41D1_8FC560227669_0/l/2/0_0.jpg": {
  "size": 28263
 },
 "media/panorama_46A1171A_4CE8_91BE_41A8_275FECCCD291_0/b/0/2_1.jpg": {
  "size": 15395
 },
 "media/panorama_46A00908_4CEB_B19A_41A5_754F27F68DEC_0/u/2/0_0.jpg": {
  "size": 18938
 },
 "media/panorama_46B11363_4CE8_F18E_41C6_045F50FBAB5E_0/f/0/2_2.jpg": {
  "size": 12462
 },
 "media/panorama_46B7B54C_4CE8_719A_41D1_8FC560227669_0/l/0/1_3.jpg": {
  "size": 16578
 },
 "media/panorama_46A00908_4CEB_B19A_41A5_754F27F68DEC_0/f/0/2_3.jpg": {
  "size": 3709
 },
 "media/panorama_46B5E91B_4CE8_91BE_41D0_29CCAB56D323_0/u/1/0_0.jpg": {
  "size": 23459
 },
 "media/panorama_46B5E91B_4CE8_91BE_41D0_29CCAB56D323_0/l/1/0_0.jpg": {
  "size": 31541
 },
 "media/panorama_46A00908_4CEB_B19A_41A5_754F27F68DEC_0/d/0/3_0.jpg": {
  "size": 15054
 },
 "media/panorama_46B13876_4CE8_B076_41D3_188F02FB1EE2_0/r/2/0_0.jpg": {
  "size": 29000
 },
 "media/panorama_46B7B54C_4CE8_719A_41D1_8FC560227669_t.jpg": {
  "size": 5304
 },
 "lib/exit.png": {
  "size": 902
 },
 "media/panorama_46A1171A_4CE8_91BE_41A8_275FECCCD291_0/b/0/3_0.jpg": {
  "size": 14338
 },
 "media/panorama_46A7CD69_4CEB_919A_41D2_A14F7D0C420A_0/u/0/1_0.jpg": {
  "size": 5161
 },
 "media/panorama_47CD7BAD_4CEB_F09A_41AA_F04B1A74304E_0/d/0/0_0.jpg": {
  "size": 27748
 },
 "media/panorama_46B11363_4CE8_F18E_41C6_045F50FBAB5E_0/u/1/0_0.jpg": {
  "size": 6041
 },
 "media/panorama_46BD13BD_4CEB_90FA_419B_13AEF0D9BB29_0/u/1/0_1.jpg": {
  "size": 19764
 },
 "media/panorama_46B13876_4CE8_B076_41D3_188F02FB1EE2_0/b/0/2_2.jpg": {
  "size": 26199
 },
 "media/panorama_46A00908_4CEB_B19A_41A5_754F27F68DEC_0/d/0/2_1.jpg": {
  "size": 12566
 },
 "media/panorama_46A1171A_4CE8_91BE_41A8_275FECCCD291_0/u/0/0_1.jpg": {
  "size": 11211
 },
 "media/panorama_46B13876_4CE8_B076_41D3_188F02FB1EE2_0/u/0/0_3.jpg": {
  "size": 8691
 },
 "media/panorama_46B5E91B_4CE8_91BE_41D0_29CCAB56D323_0/r/0/1_0.jpg": {
  "size": 29003
 },
 "media/panorama_46A7CD69_4CEB_919A_41D2_A14F7D0C420A_0/d/0/0_2.jpg": {
  "size": 35250
 },
 "media/panorama_46B13876_4CE8_B076_41D3_188F02FB1EE2_0/f/2/0_0.jpg": {
  "size": 36062
 },
 "media/panorama_46A7CD69_4CEB_919A_41D2_A14F7D0C420A_0/b/0/0_1.jpg": {
  "size": 28700
 },
 "media/panorama_46B7B54C_4CE8_719A_41D1_8FC560227669_0/d/0/0_3.jpg": {
  "size": 23488
 },
 "lib/cursors/grabbing.cur": {
  "size": 326
 },
 "media/panorama_46A00908_4CEB_B19A_41A5_754F27F68DEC_0/u/1/1_0.jpg": {
  "size": 9068
 },
 "media/panorama_46BD13BD_4CEB_90FA_419B_13AEF0D9BB29_0/l/0/2_0.jpg": {
  "size": 21702
 },
 "media/panorama_46BD13BD_4CEB_90FA_419B_13AEF0D9BB29_0/l/0/3_3.jpg": {
  "size": 26925
 },
 "media/panorama_46A00908_4CEB_B19A_41A5_754F27F68DEC_0/b/1/0_1.jpg": {
  "size": 22920
 },
 "media/panorama_46A00908_4CEB_B19A_41A5_754F27F68DEC_0/d/0/3_1.jpg": {
  "size": 11942
 },
 "media/panorama_46B7B54C_4CE8_719A_41D1_8FC560227669_0/u/0/2_2.jpg": {
  "size": 4115
 },
 "lib/tdvplayer.js": {
  "size": 2239555
 },
 "media/panorama_46BD13BD_4CEB_90FA_419B_13AEF0D9BB29_0/b/1/0_0.jpg": {
  "size": 22638
 },
 "media/panorama_46A7CD69_4CEB_919A_41D2_A14F7D0C420A_0/r/1/1_1.jpg": {
  "size": 41793
 },
 "media/panorama_46A7CD69_4CEB_919A_41D2_A14F7D0C420A_0/f/1/0_0.jpg": {
  "size": 14849
 },
 "media/panorama_46B7B54C_4CE8_719A_41D1_8FC560227669_0/r/2/0_0.jpg": {
  "size": 24301
 },
 "media/panorama_46A1171A_4CE8_91BE_41A8_275FECCCD291_0/f/0/2_1.jpg": {
  "size": 34663
 },
 "media/panorama_46A00908_4CEB_B19A_41A5_754F27F68DEC_1_HS_0_0.png": {
  "size": 77690
 },
 "media/panorama_46A1171A_4CE8_91BE_41A8_275FECCCD291_0/b/0/0_3.jpg": {
  "size": 15654
 },
 "media/panorama_46A1171A_4CE8_91BE_41A8_275FECCCD291_0/d/0/0_1.jpg": {
  "size": 26988
 },
 "media/panorama_46B13876_4CE8_B076_41D3_188F02FB1EE2_0/r/1/0_1.jpg": {
  "size": 20131
 },
 "media/panorama_46B13876_4CE8_B076_41D3_188F02FB1EE2_0/d/0/1_1.jpg": {
  "size": 26580
 },
 "media/panorama_46B13876_4CE8_B076_41D3_188F02FB1EE2_0/u/0/2_1.jpg": {
  "size": 9755
 },
 "media/panorama_46A1171A_4CE8_91BE_41A8_275FECCCD291_0/r/0/2_1.jpg": {
  "size": 9894
 },
 "media/panorama_46B7B54C_4CE8_719A_41D1_8FC560227669_1_HS_2_0.png": {
  "size": 124849
 },
 "media/panorama_46B11363_4CE8_F18E_41C6_045F50FBAB5E_0/b/0/1_3.jpg": {
  "size": 5094
 },
 "media/panorama_46B7B54C_4CE8_719A_41D1_8FC560227669_0/l/1/1_1.jpg": {
  "size": 21864
 },
 "media/panorama_46B5E91B_4CE8_91BE_41D0_29CCAB56D323_0/l/0/2_0.jpg": {
  "size": 24975
 },
 "media/panorama_46B7B54C_4CE8_719A_41D1_8FC560227669_0/f/0/2_2.jpg": {
  "size": 34096
 },
 "media/panorama_46B7B54C_4CE8_719A_41D1_8FC560227669_0/f/2/0_0.jpg": {
  "size": 40385
 },
 "media/panorama_46A7CD69_4CEB_919A_41D2_A14F7D0C420A_0/f/1/1_1.jpg": {
  "size": 22406
 },
 "media/panorama_46A1171A_4CE8_91BE_41A8_275FECCCD291_0/r/0/0_3.jpg": {
  "size": 6459
 },
 "media/panorama_47CD7BAD_4CEB_F09A_41AA_F04B1A74304E_0/f/0/1_1.jpg": {
  "size": 29025
 },
 "media/panorama_46A00908_4CEB_B19A_41A5_754F27F68DEC_0/l/1/1_1.jpg": {
  "size": 11483
 },
 "media/panorama_46A7CD69_4CEB_919A_41D2_A14F7D0C420A_0/d/1/0_0.jpg": {
  "size": 25613
 },
 "media/panorama_46A7CD69_4CEB_919A_41D2_A14F7D0C420A_0/b/2/0_0.jpg": {
  "size": 27881
 },
 "media/panorama_46B7B54C_4CE8_719A_41D1_8FC560227669_0/l/0/2_3.jpg": {
  "size": 17214
 },
 "media/panorama_46A1171A_4CE8_91BE_41A8_275FECCCD291_0/f/0/0_1.jpg": {
  "size": 12242
 },
 "media/panorama_46A7CD69_4CEB_919A_41D2_A14F7D0C420A_0/d/0/2_1.jpg": {
  "size": 45637
 },
 "media/panorama_46B13876_4CE8_B076_41D3_188F02FB1EE2_0/f/0/3_3.jpg": {
  "size": 24863
 },
 "media/panorama_46A1171A_4CE8_91BE_41A8_275FECCCD291_0/l/1/0_0.jpg": {
  "size": 23348
 },
 "media/panorama_46BD13BD_4CEB_90FA_419B_13AEF0D9BB29_0/l/1/1_0.jpg": {
  "size": 23547
 },
 "media/panorama_46B11363_4CE8_F18E_41C6_045F50FBAB5E_0/b/0/2_0.jpg": {
  "size": 15993
 },
 "media/panorama_46B7B54C_4CE8_719A_41D1_8FC560227669_0/b/0/2_2.jpg": {
  "size": 23525
 },
 "media/panorama_46B13876_4CE8_B076_41D3_188F02FB1EE2_0/b/0/3_1.jpg": {
  "size": 18286
 },
 "media/panorama_46BD13BD_4CEB_90FA_419B_13AEF0D9BB29_1_HS_4_0_0_map.gif": {
  "size": 861
 },
 "media/panorama_46A1171A_4CE8_91BE_41A8_275FECCCD291_0/d/1/1_0.jpg": {
  "size": 17803
 },
 "media/panorama_47CD7BAD_4CEB_F09A_41AA_F04B1A74304E_0/f/0/0_0.jpg": {
  "size": 32135
 },
 "media/panorama_47CD7BAD_4CEB_F09A_41AA_F04B1A74304E_0/r/0/1_1.jpg": {
  "size": 16609
 },
 "media/panorama_46A7CD69_4CEB_919A_41D2_A14F7D0C420A_0/d/0/2_3.jpg": {
  "size": 32439
 },
 "media/panorama_46A00908_4CEB_B19A_41A5_754F27F68DEC_0/d/0/2_0.jpg": {
  "size": 16348
 },
 "media/panorama_46B11363_4CE8_F18E_41C6_045F50FBAB5E_0/u/0/1_3.jpg": {
  "size": 3280
 },
 "media/panorama_46B7B54C_4CE8_719A_41D1_8FC560227669_0/u/0/1_1.jpg": {
  "size": 21062
 },
 "media/panorama_46A1171A_4CE8_91BE_41A8_275FECCCD291_0/l/2/0_0.jpg": {
  "size": 29977
 },
 "media/panorama_47CD7BAD_4CEB_F09A_41AA_F04B1A74304E_0/u/0/1_0.jpg": {
  "size": 23837
 },
 "media/panorama_46A1171A_4CE8_91BE_41A8_275FECCCD291_0/r/0/0_1.jpg": {
  "size": 8942
 },
 "media/panorama_46B11363_4CE8_F18E_41C6_045F50FBAB5E_0/d/0/0_3.jpg": {
  "size": 42553
 },
 "media/panorama_46A00908_4CEB_B19A_41A5_754F27F68DEC_0/u/0/3_3.jpg": {
  "size": 4506
 },
 "media/panorama_46B13876_4CE8_B076_41D3_188F02FB1EE2_0/r/0/3_0.jpg": {
  "size": 13418
 },
 "media/panorama_46B7B54C_4CE8_719A_41D1_8FC560227669_0/b/0/2_0.jpg": {
  "size": 25957
 },
 "media/panorama_46B13876_4CE8_B076_41D3_188F02FB1EE2_0/f/0/1_3.jpg": {
  "size": 26540
 },
 "media/panorama_46B11363_4CE8_F18E_41C6_045F50FBAB5E_0/r/0/2_3.jpg": {
  "size": 13604
 },
 "media/panorama_46B13876_4CE8_B076_41D3_188F02FB1EE2_0/b/1/0_1.jpg": {
  "size": 37887
 },
 "media/panorama_46A00908_4CEB_B19A_41A5_754F27F68DEC_0/f/0/2_2.jpg": {
  "size": 13098
 },
 "media/panorama_46B7B54C_4CE8_719A_41D1_8FC560227669_0/d/0/2_1.jpg": {
  "size": 32077
 },
 "media/panorama_46BD13BD_4CEB_90FA_419B_13AEF0D9BB29_0/u/0/3_3.jpg": {
  "size": 26896
 },
 "media/panorama_46BD13BD_4CEB_90FA_419B_13AEF0D9BB29_0/u/1/1_0.jpg": {
  "size": 16503
 },
 "media/panorama_46B11363_4CE8_F18E_41C6_045F50FBAB5E_0/b/0/1_0.jpg": {
  "size": 16380
 },
 "media/panorama_46A00908_4CEB_B19A_41A5_754F27F68DEC_0/b/0/2_3.jpg": {
  "size": 18325
 },
 "media/panorama_46A7CD69_4CEB_919A_41D2_A14F7D0C420A_0/b/0/3_0.jpg": {
  "size": 15136
 },
 "media/panorama_46A1171A_4CE8_91BE_41A8_275FECCCD291_0/r/0/1_2.jpg": {
  "size": 11053
 },
 "media/panorama_46B7B54C_4CE8_719A_41D1_8FC560227669_0/r/0/0_2.jpg": {
  "size": 16161
 },
 "media/panorama_46B13876_4CE8_B076_41D3_188F02FB1EE2_0/f/0/3_2.jpg": {
  "size": 45947
 },
 "media/panorama_46A00908_4CEB_B19A_41A5_754F27F68DEC_0/b/0/0_1.jpg": {
  "size": 7307
 },
 "media/panorama_46A7CD69_4CEB_919A_41D2_A14F7D0C420A_0/f/0/2_0.jpg": {
  "size": 12697
 },
 "media/panorama_46B13876_4CE8_B076_41D3_188F02FB1EE2_0/u/0/1_0.jpg": {
  "size": 13227
 },
 "media/panorama_46B13876_4CE8_B076_41D3_188F02FB1EE2_0/b/0/0_0.jpg": {
  "size": 13463
 },
 "media/panorama_46B11363_4CE8_F18E_41C6_045F50FBAB5E_0/d/0/1_0.jpg": {
  "size": 32653
 },
 "media/panorama_46A1171A_4CE8_91BE_41A8_275FECCCD291_0/l/1/0_1.jpg": {
  "size": 20824
 },
 "media/panorama_46B11363_4CE8_F18E_41C6_045F50FBAB5E_0/d/0/2_1.jpg": {
  "size": 17056
 },
 "media/panorama_46B7B54C_4CE8_719A_41D1_8FC560227669_0/d/0/0_2.jpg": {
  "size": 15220
 },
 "media/panorama_46B13876_4CE8_B076_41D3_188F02FB1EE2_0/d/1/1_1.jpg": {
  "size": 18727
 },
 "media/panorama_46BD13BD_4CEB_90FA_419B_13AEF0D9BB29_0/f/0/0_0.jpg": {
  "size": 21324
 },
 "media/panorama_46B7B54C_4CE8_719A_41D1_8FC560227669_0/u/0/1_0.jpg": {
  "size": 23327
 },
 "media/panorama_46A1171A_4CE8_91BE_41A8_275FECCCD291_0/r/0/2_3.jpg": {
  "size": 10978
 },
 "media/panorama_47CD7BAD_4CEB_F09A_41AA_F04B1A74304E_1_HS_0_0_0_map.gif": {
  "size": 857
 },
 "media/panorama_46A7CD69_4CEB_919A_41D2_A14F7D0C420A_0/f/0/3_2.jpg": {
  "size": 13167
 },
 "media/panorama_46B7B54C_4CE8_719A_41D1_8FC560227669_0/f/1/0_1.jpg": {
  "size": 21040
 },
 "media/panorama_46BD13BD_4CEB_90FA_419B_13AEF0D9BB29_1_HS_1_0.png": {
  "size": 104367
 },
 "media/panorama_46B13876_4CE8_B076_41D3_188F02FB1EE2_0/l/0/1_1.jpg": {
  "size": 26257
 },
 "media/panorama_46A00908_4CEB_B19A_41A5_754F27F68DEC_0/l/0/0_1.jpg": {
  "size": 9977
 },
 "media/panorama_46B11363_4CE8_F18E_41C6_045F50FBAB5E_0/l/0/2_3.jpg": {
  "size": 10313
 },
 "media/panorama_46A7CD69_4CEB_919A_41D2_A14F7D0C420A_0/u/0/1_1.jpg": {
  "size": 3250
 },
 "media/panorama_46B13876_4CE8_B076_41D3_188F02FB1EE2_0/l/1/1_0.jpg": {
  "size": 30386
 },
 "media/panorama_46A1171A_4CE8_91BE_41A8_275FECCCD291_0/d/0/1_3.jpg": {
  "size": 9101
 },
 "media/panorama_46A00908_4CEB_B19A_41A5_754F27F68DEC_0/l/0/3_2.jpg": {
  "size": 8243
 },
 "media/panorama_46BD13BD_4CEB_90FA_419B_13AEF0D9BB29_0/l/0/2_2.jpg": {
  "size": 26689
 },
 "media/panorama_46A00908_4CEB_B19A_41A5_754F27F68DEC_0/u/0/2_3.jpg": {
  "size": 4329
 },
 "media/panorama_46A1171A_4CE8_91BE_41A8_275FECCCD291_0/b/0/2_3.jpg": {
  "size": 34391
 },
 "media/panorama_46B7B54C_4CE8_719A_41D1_8FC560227669_0/u/0/1_2.jpg": {
  "size": 9107
 },
 "media/panorama_46A00908_4CEB_B19A_41A5_754F27F68DEC_0/d/0/1_2.jpg": {
  "size": 19646
 },
 "media/panorama_46B13876_4CE8_B076_41D3_188F02FB1EE2_0/u/0/3_1.jpg": {
  "size": 5427
 },
 "media/panorama_46A7CD69_4CEB_919A_41D2_A14F7D0C420A_0/l/2/0_0.jpg": {
  "size": 28591
 },
 "media/panorama_46BD13BD_4CEB_90FA_419B_13AEF0D9BB29_0/u/1/0_0.jpg": {
  "size": 15915
 },
 "media/panorama_46A00908_4CEB_B19A_41A5_754F27F68DEC_0/f/0/1_0.jpg": {
  "size": 17567
 },
 "media/panorama_46B7B54C_4CE8_719A_41D1_8FC560227669_0/d/0/3_1.jpg": {
  "size": 25138
 },
 "media/panorama_46B11363_4CE8_F18E_41C6_045F50FBAB5E_0/l/0/0_2.jpg": {
  "size": 17098
 },
 "media/panorama_46A00908_4CEB_B19A_41A5_754F27F68DEC_0/l/0/3_3.jpg": {
  "size": 9172
 },
 "media/panorama_46A7CD69_4CEB_919A_41D2_A14F7D0C420A_0/r/0/2_3.jpg": {
  "size": 31488
 },
 "media/panorama_46BD13BD_4CEB_90FA_419B_13AEF0D9BB29_0/d/1/0_0.jpg": {
  "size": 25503
 },
 "media/panorama_46BD13BD_4CEB_90FA_419B_13AEF0D9BB29_0/f/0/2_0.jpg": {
  "size": 19237
 },
 "media/panorama_46B13876_4CE8_B076_41D3_188F02FB1EE2_0/f/1/1_1.jpg": {
  "size": 40288
 },
 "media/panorama_46B11363_4CE8_F18E_41C6_045F50FBAB5E_0/b/0/1_2.jpg": {
  "size": 7387
 },
 "media/panorama_46BD13BD_4CEB_90FA_419B_13AEF0D9BB29_0/r/0/0_0.jpg": {
  "size": 16098
 },
 "media/panorama_46B7B54C_4CE8_719A_41D1_8FC560227669_0/d/0/3_2.jpg": {
  "size": 24091
 },
 "media/panorama_46B5E91B_4CE8_91BE_41D0_29CCAB56D323_0/d/1/0_0.jpg": {
  "size": 29864
 },
 "media/panorama_46A7CD69_4CEB_919A_41D2_A14F7D0C420A_0/r/1/0_0.jpg": {
  "size": 11515
 },
 "media/panorama_46BD13BD_4CEB_90FA_419B_13AEF0D9BB29_0/d/0/3_0.jpg": {
  "size": 10614
 },
 "lib/cursors/NW.cur": {
  "size": 3542
 },
 "media/panorama_46BD13BD_4CEB_90FA_419B_13AEF0D9BB29_0/r/2/0_0.jpg": {
  "size": 38284
 },
 "media/panorama_46B13876_4CE8_B076_41D3_188F02FB1EE2_0/l/0/2_2.jpg": {
  "size": 29742
 },
 "media/panorama_46A1171A_4CE8_91BE_41A8_275FECCCD291_0/l/0/3_2.jpg": {
  "size": 14614
 },
 "media/panorama_46B5E91B_4CE8_91BE_41D0_29CCAB56D323_0/u/0/2_2.jpg": {
  "size": 19604
 },
 "media/panorama_46A00908_4CEB_B19A_41A5_754F27F68DEC_0/l/0/1_0.jpg": {
  "size": 10020
 },
 "media/panorama_46A7CD69_4CEB_919A_41D2_A14F7D0C420A_0/d/0/3_2.jpg": {
  "size": 18888
 },
 "media/panorama_46A00908_4CEB_B19A_41A5_754F27F68DEC_0/d/0/2_3.jpg": {
  "size": 13614
 },
 "media/panorama_46A7CD69_4CEB_919A_41D2_A14F7D0C420A_0/u/1/0_0.jpg": {
  "size": 12506
 },
 "media/panorama_46B5E91B_4CE8_91BE_41D0_29CCAB56D323_1_HS_0_0.png": {
  "size": 104783
 },
 "media/panorama_46B5E91B_4CE8_91BE_41D0_29CCAB56D323_0/u/0/1_1.jpg": {
  "size": 4293
 },
 "media/panorama_46A1171A_4CE8_91BE_41A8_275FECCCD291_0/d/0/2_1.jpg": {
  "size": 24568
 },
 "media/panorama_46B13876_4CE8_B076_41D3_188F02FB1EE2_0/f/0/1_2.jpg": {
  "size": 17842
 },
 "media/panorama_46A1171A_4CE8_91BE_41A8_275FECCCD291_0/f/0/1_0.jpg": {
  "size": 17326
 },
 "media/panorama_46A7CD69_4CEB_919A_41D2_A14F7D0C420A_0/f/0/0_2.jpg": {
  "size": 20968
 },
 "media/panorama_46B13876_4CE8_B076_41D3_188F02FB1EE2_0/u/0/1_1.jpg": {
  "size": 4636
 },
 "media/panorama_46B11363_4CE8_F18E_41C6_045F50FBAB5E_0/f/0/3_3.jpg": {
  "size": 17825
 },
 "media/panorama_46A7CD69_4CEB_919A_41D2_A14F7D0C420A_0/r/0/3_0.jpg": {
  "size": 20487
 },
 "media/panorama_46A7CD69_4CEB_919A_41D2_A14F7D0C420A_0/u/0/0_0.jpg": {
  "size": 15974
 },
 "media/panorama_46B11363_4CE8_F18E_41C6_045F50FBAB5E_0/f/0/2_0.jpg": {
  "size": 23840
 },
 "media/panorama_46BD13BD_4CEB_90FA_419B_13AEF0D9BB29_0/f/0/1_1.jpg": {
  "size": 18217
 },
 "media/panorama_46B11363_4CE8_F18E_41C6_045F50FBAB5E_0/l/0/0_0.jpg": {
  "size": 8432
 },
 "media/panorama_46B7B54C_4CE8_719A_41D1_8FC560227669_0/r/0/3_2.jpg": {
  "size": 16106
 },
 "media/panorama_46B7B54C_4CE8_719A_41D1_8FC560227669_1_HS_1_0_0_map.gif": {
  "size": 858
 },
 "media/panorama_46B5E91B_4CE8_91BE_41D0_29CCAB56D323_0/b/0/1_1.jpg": {
  "size": 15123
 },
 "media/panorama_46A1171A_4CE8_91BE_41A8_275FECCCD291_0/f/1/1_0.jpg": {
  "size": 29784
 },
 "media/panorama_46A1171A_4CE8_91BE_41A8_275FECCCD291_0/u/1/1_1.jpg": {
  "size": 12720
 },
 "media/panorama_46BD13BD_4CEB_90FA_419B_13AEF0D9BB29_0/l/1/1_1.jpg": {
  "size": 33352
 },
 "media/panorama_46B11363_4CE8_F18E_41C6_045F50FBAB5E_0/l/1/0_0.jpg": {
  "size": 19752
 },
 "media/panorama_46A7CD69_4CEB_919A_41D2_A14F7D0C420A_0/d/1/1_1.jpg": {
  "size": 34579
 },
 "media/panorama_46A7CD69_4CEB_919A_41D2_A14F7D0C420A_0/r/0/3_1.jpg": {
  "size": 14525
 },
 "media/panorama_46A00908_4CEB_B19A_41A5_754F27F68DEC_0/r/0/3_0.jpg": {
  "size": 7817
 },
 "media/panorama_46B5E91B_4CE8_91BE_41D0_29CCAB56D323_0/r/2/0_0.jpg": {
  "size": 39033
 },
 "media/panorama_46B7B54C_4CE8_719A_41D1_8FC560227669_0/r/0/2_0.jpg": {
  "size": 23508
 },
 "media/panorama_46B7B54C_4CE8_719A_41D1_8FC560227669_0/b/0/0_2.jpg": {
  "size": 24427
 },
 "media/panorama_47CD7BAD_4CEB_F09A_41AA_F04B1A74304E_0/u/0/1_1.jpg": {
  "size": 20502
 },
 "media/panorama_46B5E91B_4CE8_91BE_41D0_29CCAB56D323_0/u/0/0_1.jpg": {
  "size": 7999
 },
 "media/panorama_46A7CD69_4CEB_919A_41D2_A14F7D0C420A_0/l/0/0_2.jpg": {
  "size": 12913
 },
 "media/panorama_46B7B54C_4CE8_719A_41D1_8FC560227669_0/d/0/1_0.jpg": {
  "size": 17579
 },
 "media/panorama_46B13876_4CE8_B076_41D3_188F02FB1EE2_0/d/0/2_0.jpg": {
  "size": 23234
 },
 "media/panorama_46BD13BD_4CEB_90FA_419B_13AEF0D9BB29_0/r/0/3_0.jpg": {
  "size": 18258
 },
 "media/panorama_46B13876_4CE8_B076_41D3_188F02FB1EE2_0/d/0/3_0.jpg": {
  "size": 17578
 },
 "media/panorama_46B13876_4CE8_B076_41D3_188F02FB1EE2_0/u/0/1_3.jpg": {
  "size": 8690
 },
 "media/panorama_46A1171A_4CE8_91BE_41A8_275FECCCD291_0/f/1/0_0.jpg": {
  "size": 23746
 },
 "media/panorama_46A1171A_4CE8_91BE_41A8_275FECCCD291_0/u/0/2_1.jpg": {
  "size": 11865
 },
 "media/panorama_46B13876_4CE8_B076_41D3_188F02FB1EE2_0/u/1/0_1.jpg": {
  "size": 9443
 },
 "media/panorama_46BD13BD_4CEB_90FA_419B_13AEF0D9BB29_0/u/0/2_1.jpg": {
  "size": 8634
 },
 "media/panorama_46A7CD69_4CEB_919A_41D2_A14F7D0C420A_0/r/0/2_2.jpg": {
  "size": 36701
 },
 "media/panorama_46BD13BD_4CEB_90FA_419B_13AEF0D9BB29_0/d/0/2_1.jpg": {
  "size": 28771
 },
 "media/panorama_46B11363_4CE8_F18E_41C6_045F50FBAB5E_0/f/0/0_3.jpg": {
  "size": 10607
 },
 "media/panorama_46B13876_4CE8_B076_41D3_188F02FB1EE2_1_HS_0_0.png": {
  "size": 104367
 },
 "media/panorama_46B7B54C_4CE8_719A_41D1_8FC560227669_0/f/0/1_0.jpg": {
  "size": 29287
 },
 "media/panorama_46B13876_4CE8_B076_41D3_188F02FB1EE2_0/r/0/2_1.jpg": {
  "size": 20482
 },
 "media/panorama_46B11363_4CE8_F18E_41C6_045F50FBAB5E_0/u/0/2_3.jpg": {
  "size": 3562
 },
 "media/panorama_46A1171A_4CE8_91BE_41A8_275FECCCD291_0/r/0/0_2.jpg": {
  "size": 9303
 },
 "media/panorama_46B11363_4CE8_F18E_41C6_045F50FBAB5E_0/r/1/1_0.jpg": {
  "size": 21435
 },
 "media/panorama_46A7CD69_4CEB_919A_41D2_A14F7D0C420A_0/b/0/1_3.jpg": {
  "size": 23850
 },
 "media/panorama_46BD13BD_4CEB_90FA_419B_13AEF0D9BB29_0/f/0/3_1.jpg": {
  "size": 25938
 },
 "media/panorama_47CD7BAD_4CEB_F09A_41AA_F04B1A74304E_0/b/0/1_1.jpg": {
  "size": 29894
 },
 "media/panorama_46B7B54C_4CE8_719A_41D1_8FC560227669_0/f/0/3_3.jpg": {
  "size": 17778
 },
 "media/panorama_46A7CD69_4CEB_919A_41D2_A14F7D0C420A_0/l/0/2_1.jpg": {
  "size": 21188
 },
 "lib/cursors/FNE.cur": {
  "size": 4526
 },
 "media/panorama_46B13876_4CE8_B076_41D3_188F02FB1EE2_1_HS_1_0.png": {
  "size": 104367
 },
 "media/panorama_46A7CD69_4CEB_919A_41D2_A14F7D0C420A_0/r/0/0_1.jpg": {
  "size": 9504
 },
 "media/panorama_46A7CD69_4CEB_919A_41D2_A14F7D0C420A_0/r/2/0_0.jpg": {
  "size": 30446
 },
 "media/panorama_46BD13BD_4CEB_90FA_419B_13AEF0D9BB29_0/b/0/1_0.jpg": {
  "size": 36767
 },
 "media/panorama_46A00908_4CEB_B19A_41A5_754F27F68DEC_0/r/1/0_0.jpg": {
  "size": 6040
 },
 "media/panorama_46A00908_4CEB_B19A_41A5_754F27F68DEC_0/l/0/2_0.jpg": {
  "size": 12110
 },
 "media/panorama_46B7B54C_4CE8_719A_41D1_8FC560227669_1_HS_3_0_0_map.gif": {
  "size": 873
 },
 "media/panorama_46A7CD69_4CEB_919A_41D2_A14F7D0C420A_0/d/0/0_3.jpg": {
  "size": 31389
 },
 "media/panorama_46B11363_4CE8_F18E_41C6_045F50FBAB5E_0/r/0/3_1.jpg": {
  "size": 10610
 },
 "media/panorama_46A7CD69_4CEB_919A_41D2_A14F7D0C420A_0/l/0/1_2.jpg": {
  "size": 23729
 },
 "media/panorama_46A7CD69_4CEB_919A_41D2_A14F7D0C420A_0/l/0/3_1.jpg": {
  "size": 21851
 },
 "media/panorama_46B7B54C_4CE8_719A_41D1_8FC560227669_0/b/0/3_0.jpg": {
  "size": 18799
 },
 "media/panorama_46B7B54C_4CE8_719A_41D1_8FC560227669_0/l/1/0_0.jpg": {
  "size": 23297
 },
 "media/panorama_46B5E91B_4CE8_91BE_41D0_29CCAB56D323_0/b/0/2_0.jpg": {
  "size": 27874
 },
 "media/panorama_46BD13BD_4CEB_90FA_419B_13AEF0D9BB29_0/f/1/0_1.jpg": {
  "size": 35419
 },
 "media/panorama_46B11363_4CE8_F18E_41C6_045F50FBAB5E_0/d/1/1_1.jpg": {
  "size": 17887
 },
 "media/panorama_46A1171A_4CE8_91BE_41A8_275FECCCD291_0/r/0/1_0.jpg": {
  "size": 9288
 },
 "media/panorama_46A7CD69_4CEB_919A_41D2_A14F7D0C420A_0/f/1/0_1.jpg": {
  "size": 28606
 },
 "media/panorama_46A7CD69_4CEB_919A_41D2_A14F7D0C420A_0/b/1/1_0.jpg": {
  "size": 27918
 },
 "media/panorama_46B7B54C_4CE8_719A_41D1_8FC560227669_0/u/0/3_3.jpg": {
  "size": 9091
 },
 "media/panorama_46B13876_4CE8_B076_41D3_188F02FB1EE2_0/r/0/2_0.jpg": {
  "size": 22964
 },
 "media/panorama_46B13876_4CE8_B076_41D3_188F02FB1EE2_0/r/0/0_0.jpg": {
  "size": 13074
 },
 "media/panorama_46B13876_4CE8_B076_41D3_188F02FB1EE2_0/u/0/0_1.jpg": {
  "size": 12088
 },
 "media/panorama_46BD13BD_4CEB_90FA_419B_13AEF0D9BB29_0/r/0/2_0.jpg": {
  "size": 28985
 },
 "media/panorama_46A1171A_4CE8_91BE_41A8_275FECCCD291_0/l/1/1_0.jpg": {
  "size": 31450
 },
 "media/panorama_46B11363_4CE8_F18E_41C6_045F50FBAB5E_0/u/0/3_2.jpg": {
  "size": 8481
 },
 "media/panorama_46A00908_4CEB_B19A_41A5_754F27F68DEC_0/f/0/3_2.jpg": {
  "size": 9216
 },
 "media/panorama_46B7B54C_4CE8_719A_41D1_8FC560227669_0/r/1/0_0.jpg": {
  "size": 17876
 },
 "media/panorama_47CD7BAD_4CEB_F09A_41AA_F04B1A74304E_0/l/0/1_0.jpg": {
  "size": 22064
 },
 "media/panorama_46BD13BD_4CEB_90FA_419B_13AEF0D9BB29_0/r/0/3_1.jpg": {
  "size": 25436
 },
 "media/panorama_46A7CD69_4CEB_919A_41D2_A14F7D0C420A_0/r/0/1_3.jpg": {
  "size": 10171
 },
 "media/panorama_46A7CD69_4CEB_919A_41D2_A14F7D0C420A_0/l/0/0_3.jpg": {
  "size": 11788
 },
 "media/panorama_46A00908_4CEB_B19A_41A5_754F27F68DEC_0/l/2/0_0.jpg": {
  "size": 19191
 },
 "media/panorama_46A00908_4CEB_B19A_41A5_754F27F68DEC_0/b/0/3_3.jpg": {
  "size": 9957
 },
 "media/panorama_46B5E91B_4CE8_91BE_41D0_29CCAB56D323_0/f/0/2_1.jpg": {
  "size": 27404
 },
 "media/panorama_46BD13BD_4CEB_90FA_419B_13AEF0D9BB29_0/b/0/3_1.jpg": {
  "size": 8513
 },
 "media/panorama_46A00908_4CEB_B19A_41A5_754F27F68DEC_0/f/0/2_1.jpg": {
  "size": 13849
 },
 "media/panorama_46B11363_4CE8_F18E_41C6_045F50FBAB5E_0/r/0/2_1.jpg": {
  "size": 18262
 },
 "media/panorama_46A1171A_4CE8_91BE_41A8_275FECCCD291_0/r/1/1_1.jpg": {
  "size": 10509
 },
 "media/panorama_46A7CD69_4CEB_919A_41D2_A14F7D0C420A_0/b/1/1_1.jpg": {
  "size": 21715
 },
 "lib/cursors/E.cur": {
  "size": 3542
 },
 "media/panorama_46B13876_4CE8_B076_41D3_188F02FB1EE2_0/b/0/0_1.jpg": {
  "size": 5366
 },
 "media/panorama_46A00908_4CEB_B19A_41A5_754F27F68DEC_0/f/0/3_1.jpg": {
  "size": 5534
 },
 "media/panorama_46B11363_4CE8_F18E_41C6_045F50FBAB5E_0/l/0/0_1.jpg": {
  "size": 6603
 },
 "media/panorama_46A1171A_4CE8_91BE_41A8_275FECCCD291_0/l/0/2_3.jpg": {
  "size": 22892
 },
 "media/panorama_46B5E91B_4CE8_91BE_41D0_29CCAB56D323_0/f/0/0_1.jpg": {
  "size": 25972
 },
 "media/panorama_47CD7BAD_4CEB_F09A_41AA_F04B1A74304E_0/r/1/0_0.jpg": {
  "size": 28882
 },
 "media/panorama_46B5E91B_4CE8_91BE_41D0_29CCAB56D323_0/b/1/1_0.jpg": {
  "size": 27424
 },
 "media/panorama_46B11363_4CE8_F18E_41C6_045F50FBAB5E_0/r/0/1_3.jpg": {
  "size": 9660
 },
 "media/panorama_46B11363_4CE8_F18E_41C6_045F50FBAB5E_0/l/0/1_0.jpg": {
  "size": 17673
 },
 "lib/cursors/FSE.cur": {
  "size": 4526
 },
 "media/panorama_46B11363_4CE8_F18E_41C6_045F50FBAB5E_0/b/0/0_0.jpg": {
  "size": 7698
 },
 "media/panorama_46A1171A_4CE8_91BE_41A8_275FECCCD291_0/u/0/2_0.jpg": {
  "size": 10363
 },
 "media/panorama_46A1171A_4CE8_91BE_41A8_275FECCCD291_0/r/0/2_0.jpg": {
  "size": 9882
 },
 "media/panorama_46A7CD69_4CEB_919A_41D2_A14F7D0C420A_0/f/0/1_3.jpg": {
  "size": 24517
 },
 "media/panorama_46B5E91B_4CE8_91BE_41D0_29CCAB56D323_0/l/0/1_0.jpg": {
  "size": 27298
 },
 "media/panorama_46A1171A_4CE8_91BE_41A8_275FECCCD291_0/d/1/0_1.jpg": {
  "size": 21216
 },
 "media/panorama_46A7CD69_4CEB_919A_41D2_A14F7D0C420A_0/r/0/1_1.jpg": {
  "size": 8009
 },
 "media/panorama_46B7B54C_4CE8_719A_41D1_8FC560227669_0/f/0/2_3.jpg": {
  "size": 22581
 },
 "media/panorama_46A00908_4CEB_B19A_41A5_754F27F68DEC_0/d/0/2_2.jpg": {
  "size": 12978
 },
 "media/panorama_46BD13BD_4CEB_90FA_419B_13AEF0D9BB29_0/d/0/0_0.jpg": {
  "size": 16864
 },
 "media/panorama_46BD13BD_4CEB_90FA_419B_13AEF0D9BB29_1_HS_4_0.png": {
  "size": 87094
 },
 "media/panorama_46B13876_4CE8_B076_41D3_188F02FB1EE2_0/u/0/3_3.jpg": {
  "size": 9370
 },
 "media/panorama_46A00908_4CEB_B19A_41A5_754F27F68DEC_0/u/0/0_0.jpg": {
  "size": 6552
 },
 "media/panorama_46A7CD69_4CEB_919A_41D2_A14F7D0C420A_0/u/0/1_3.jpg": {
  "size": 27485
 },
 "media/panorama_46B7B54C_4CE8_719A_41D1_8FC560227669_1_HS_1_0.png": {
  "size": 124849
 },
 "media/panorama_46A00908_4CEB_B19A_41A5_754F27F68DEC_0/f/0/0_2.jpg": {
  "size": 2617
 },
 "media/panorama_46BD13BD_4CEB_90FA_419B_13AEF0D9BB29_0/b/0/3_0.jpg": {
  "size": 20032
 },
 "media/panorama_46A7CD69_4CEB_919A_41D2_A14F7D0C420A_0/b/0/0_0.jpg": {
  "size": 21682
 },
 "media/panorama_46B13876_4CE8_B076_41D3_188F02FB1EE2_0/r/1/0_0.jpg": {
  "size": 23802
 },
 "media/panorama_46B7B54C_4CE8_719A_41D1_8FC560227669_0/u/0/2_0.jpg": {
  "size": 23281
 },
 "media/panorama_46B11363_4CE8_F18E_41C6_045F50FBAB5E_0/d/0/3_1.jpg": {
  "size": 9771
 },
 "media/panorama_46A00908_4CEB_B19A_41A5_754F27F68DEC_0/u/0/0_2.jpg": {
  "size": 12641
 },
 "media/panorama_46BD13BD_4CEB_90FA_419B_13AEF0D9BB29_0/r/0/3_3.jpg": {
  "size": 27573
 },
 "lib/cursors/N.cur": {
  "size": 3542
 },
 "media/panorama_46BD13BD_4CEB_90FA_419B_13AEF0D9BB29_0/r/0/0_3.jpg": {
  "size": 32845
 },
 "media/panorama_46BD13BD_4CEB_90FA_419B_13AEF0D9BB29_1_HS_0_0_0_map.gif": {
  "size": 879
 },
 "media/panorama_46A00908_4CEB_B19A_41A5_754F27F68DEC_0/f/1/0_1.jpg": {
  "size": 2648
 },
 "media/panorama_46B5E91B_4CE8_91BE_41D0_29CCAB56D323_0/r/1/0_1.jpg": {
  "size": 26726
 },
 "media/panorama_46BD13BD_4CEB_90FA_419B_13AEF0D9BB29_0/b/0/1_1.jpg": {
  "size": 8244
 },
 "lib/cursors/W.cur": {
  "size": 3542
 },
 "media/panorama_46B13876_4CE8_B076_41D3_188F02FB1EE2_0/d/0/0_2.jpg": {
  "size": 43342
 },
 "media/panorama_47CD7BAD_4CEB_F09A_41AA_F04B1A74304E_0/r/0/1_0.jpg": {
  "size": 24231
 },
 "media/panorama_46B11363_4CE8_F18E_41C6_045F50FBAB5E_0/d/0/3_2.jpg": {
  "size": 11799
 },
 "media/panorama_46BD13BD_4CEB_90FA_419B_13AEF0D9BB29_0/r/1/0_1.jpg": {
  "size": 34188
 },
 "media/panorama_47CD7BAD_4CEB_F09A_41AA_F04B1A74304E_0/b/0/0_0.jpg": {
  "size": 29373
 },
 "media/panorama_46A1171A_4CE8_91BE_41A8_275FECCCD291_0/b/0/1_0.jpg": {
  "size": 20185
 },
 "media/panorama_47CD7BAD_4CEB_F09A_41AA_F04B1A74304E_0/u/1/0_0.jpg": {
  "size": 27073
 },
 "media/panorama_46B7B54C_4CE8_719A_41D1_8FC560227669_0/u/0/3_2.jpg": {
  "size": 4652
 },
 "media/panorama_46B5E91B_4CE8_91BE_41D0_29CCAB56D323_0/d/1/1_0.jpg": {
  "size": 28995
 },
 "media/panorama_46B11363_4CE8_F18E_41C6_045F50FBAB5E_0/r/1/0_1.jpg": {
  "size": 8044
 },
 "media/panorama_46A1171A_4CE8_91BE_41A8_275FECCCD291_0/l/0/3_3.jpg": {
  "size": 22290
 },
 "media/panorama_46BD13BD_4CEB_90FA_419B_13AEF0D9BB29_0/f/0/2_1.jpg": {
  "size": 25071
 },
 "media/panorama_46A1171A_4CE8_91BE_41A8_275FECCCD291_0/r/0/3_3.jpg": {
  "size": 3410
 },
 "media/panorama_46B11363_4CE8_F18E_41C6_045F50FBAB5E_0/b/2/0_0.jpg": {
  "size": 19403
 },
 "media/panorama_46B11363_4CE8_F18E_41C6_045F50FBAB5E_0/f/0/2_1.jpg": {
  "size": 14631
 },
 "media/panorama_46B13876_4CE8_B076_41D3_188F02FB1EE2_0/d/1/0_0.jpg": {
  "size": 33029
 },
 "media/panorama_46A7CD69_4CEB_919A_41D2_A14F7D0C420A_0/u/0/2_1.jpg": {
  "size": 3407
 },
 "media/panorama_46B11363_4CE8_F18E_41C6_045F50FBAB5E_0/f/0/3_0.jpg": {
  "size": 24040
 },
 "media/panorama_46B11363_4CE8_F18E_41C6_045F50FBAB5E_0/b/1/1_1.jpg": {
  "size": 15164
 },
 "media/panorama_46B7B54C_4CE8_719A_41D1_8FC560227669_0/d/0/3_0.jpg": {
  "size": 15835
 },
 "media/panorama_46A7CD69_4CEB_919A_41D2_A14F7D0C420A_0/f/0/3_3.jpg": {
  "size": 14319
 },
 "media/panorama_46A00908_4CEB_B19A_41A5_754F27F68DEC_0/f/0/3_3.jpg": {
  "size": 5238
 },
 "media/panorama_46A7CD69_4CEB_919A_41D2_A14F7D0C420A_0/l/1/1_1.jpg": {
  "size": 18445
 },
 "media/panorama_47CD7BAD_4CEB_F09A_41AA_F04B1A74304E_1_HS_0_0.png": {
  "size": 104783
 },
 "media/panorama_46B13876_4CE8_B076_41D3_188F02FB1EE2_0/r/0/2_2.jpg": {
  "size": 19551
 },
 "media/panorama_46B5E91B_4CE8_91BE_41D0_29CCAB56D323_0/f/1/1_1.jpg": {
  "size": 34126
 },
 "media/panorama_46A00908_4CEB_B19A_41A5_754F27F68DEC_0/f/1/1_0.jpg": {
  "size": 17245
 },
 "media/panorama_46B13876_4CE8_B076_41D3_188F02FB1EE2_0/b/1/0_0.jpg": {
  "size": 19076
 },
 "media/panorama_46A7CD69_4CEB_919A_41D2_A14F7D0C420A_0/d/0/2_0.jpg": {
  "size": 38936
 },
 "media/panorama_46A1171A_4CE8_91BE_41A8_275FECCCD291_0/f/1/1_1.jpg": {
  "size": 25782
 },
 "media/panorama_46BD13BD_4CEB_90FA_419B_13AEF0D9BB29_0/u/0/1_0.jpg": {
  "size": 25935
 },
 "media/panorama_46B7B54C_4CE8_719A_41D1_8FC560227669_0/r/0/0_1.jpg": {
  "size": 13258
 },
 "media/panorama_46A1171A_4CE8_91BE_41A8_275FECCCD291_0/u/0/3_3.jpg": {
  "size": 11750
 },
 "media/panorama_46B11363_4CE8_F18E_41C6_045F50FBAB5E_0/u/0/2_0.jpg": {
  "size": 2547
 },
 "media/panorama_46A1171A_4CE8_91BE_41A8_275FECCCD291_0/l/0/1_2.jpg": {
  "size": 24745
 },
 "media/panorama_46A7CD69_4CEB_919A_41D2_A14F7D0C420A_0/b/0/1_1.jpg": {
  "size": 27641
 },
 "media/panorama_46A1171A_4CE8_91BE_41A8_275FECCCD291_0/l/0/0_0.jpg": {
  "size": 13272
 },
 "media/panorama_46A1171A_4CE8_91BE_41A8_275FECCCD291_0/f/0/3_1.jpg": {
  "size": 17676
 },
 "media/panorama_46B5E91B_4CE8_91BE_41D0_29CCAB56D323_0/b/0/0_0.jpg": {
  "size": 16988
 },
 "media/panorama_46A7CD69_4CEB_919A_41D2_A14F7D0C420A_0/b/1/0_1.jpg": {
  "size": 20200
 },
 "media/panorama_46A1171A_4CE8_91BE_41A8_275FECCCD291_0/f/1/0_1.jpg": {
  "size": 21287
 },
 "media/panorama_46B13876_4CE8_B076_41D3_188F02FB1EE2_0/l/0/2_1.jpg": {
  "size": 25895
 },
 "media/panorama_46BD13BD_4CEB_90FA_419B_13AEF0D9BB29_0/l/0/3_0.jpg": {
  "size": 11110
 },
 "media/panorama_46B7B54C_4CE8_719A_41D1_8FC560227669_0/l/1/1_0.jpg": {
  "size": 28274
 },
 "media/panorama_46B5E91B_4CE8_91BE_41D0_29CCAB56D323_0/l/2/0_0.jpg": {
  "size": 40841
 },
 "media/panorama_46B11363_4CE8_F18E_41C6_045F50FBAB5E_0/b/0/3_0.jpg": {
  "size": 2600
 },
 "media/panorama_47CD7BAD_4CEB_F09A_41AA_F04B1A74304E_0/r/0/0_0.jpg": {
  "size": 24427
 },
 "media/panorama_46A1171A_4CE8_91BE_41A8_275FECCCD291_0/u/0/3_1.jpg": {
  "size": 4722
 },
 "media/panorama_46B13876_4CE8_B076_41D3_188F02FB1EE2_0/r/0/3_3.jpg": {
  "size": 14523
 },
 "media/panorama_46A7CD69_4CEB_919A_41D2_A14F7D0C420A_0/d/0/1_1.jpg": {
  "size": 14920
 }
}